[{"id":"8adad2f9-a85d-45b4-a068-845c90cce3a1","application":"SalesFlash","groupName":"_c_GroupTests","groupType":"Cyclic","groupNotes":"Test","createUser":"admin","createDate":1574260754,"modifyUser":"","modifyDate":"","fields":[{"fieldName":"~SIZE_AdDepthAgates","fieldLabel":"test"},{"fieldName":"ProductName","fieldLabel":"Product"}]},{"id":"16c3505d-34f4-4b5b-8b00-970ee07c9526","application":"QVD_ALL","groupName":"Num2","groupType":"Cyclic","groupNotes":"testing more","createUser":"admin","createDate":1574132544,"fields":[{"fieldName":"SIC","fieldLabel":"se"}]},{"id":"209fb505-781f-45e0-a4db-a62c0b7d33db","application":"QVD_ALL","groupName":"test","groupType":"Cyclic","groupNotes":"test","createUser":"admin","createDate":1574132499,"fields":[{"fieldName":"ProductName","fieldLabel":"Product"}]},{"id":"bf899dca-7d52-4e35-ac6e-23b2a60b1e51","application":"SalesFlash","groupName":"_c_PayerHierarchy","groupType":"Cyclic","groupNotes":"payer note test","createUser":"admin","modifyUser":"","createDate":788936400,"modifyDate":"","fields":[{"fieldName":"SoldBy_RepLoginName","fieldLabel":"SoldBy Rep"},{"fieldName":"PAYER_AccountNumber_AdBase","fieldLabel":"Payer Account Number","fieldOrder":2},{"fieldName":"PAYER_NameLast_BSN","fieldLabel":"Payer Customer Name","fieldOrder":1}]},{"id":"ca4fd2d3-04bd-495e-9a04-8e7acd6de328","application":"SalesFlash","groupName":"_c_dateMonthPeriod","groupType":"Drill","groupNotes":"","createUser":"admin","modifyUser":"","createDate":788936400,"modifyDate":"","fields":[{"fieldName":"Posting_Month","fieldLabel":"Posting Month","fieldOrder":1},{"fieldName":"Posting_PeriodOfYearNumber","fieldLabel":"Posting Period","fieldOrder":2}]},{"id":"bb91077d-9f75-4b59-8b9d-68920fab7719","application":"SalesFlash","groupName":"_c_RepHierarchy","groupType":"Cyclic","groupNotes":"","createUser":"admin","modifyUser":"","createDate":788936400,"modifyDate":"","fields":[{"fieldName":"SoldBy_SalesTerritory","fieldLabel":"Sold By Territory","fieldOrder":2},{"fieldName":"SoldBy_SalesTeam","fieldLabel":"Sold By Team","fieldOrder":1},{"fieldName":"SoldBy_SalesRegion","fieldLabel":"Sold By Region","fieldOrder":3},{"fieldName":"SoldBy_RepLoginName","fieldLabel":"Sold By Rep","fieldOrder":4}]},{"id":"7e677f04-adcb-472b-aa1c-700e0f5e69a8","application":"SalesFlash","groupName":"_c_TopPerformers","groupType":"Cyclic","groupNotes":"Used in the Top Performers chart on the Advertising tab-> Winners/Losers button","createUser":"admin","modifyUser":"","createDate":788936400,"modifyDate":"","fields":[{"fieldName":"SoldBy_SalesTeam","fieldLabel":"Sold By Team","fieldOrder":3},{"fieldName":"SoldBy_RepLoginName","fieldLabel":"Sold by Rep","fieldOrder":4},{"fieldName":"AccountNumber_AdBase","fieldLabel":"Account Number","fieldOrder":2},{"fieldName":"NameLast_BSN","fieldLabel":"Customer Name","fieldOrder":1}]},{"id":"f711d42b-150c-4f69-ac63-ac9b28166c7e","application":"SalesFlash","groupName":"_d_FinanceAdjustments","groupType":"Drill","groupNotes":"Finance->Adjustments/Adjustments Drill Down chart","createUser":"admin","modifyUser":"","createDate":788936400,"modifyDate":"","fields":[{"fieldName":"Posting_MonthNumPlusYear","fieldLabel":"Month-Year","fieldOrder":1},{"fieldName":"SoldBy_SalesTeam","fieldLabel":"Sold By Team","fieldOrder":2},{"fieldName":"SoldBy_RepLoginName","fieldLabel":"Sold By Rep","fieldOrder":3}]},{"id":"275f2bd2-d47a-4e09-8c7e-fc70d25de051","application":"SalesFlash","groupName":"_sys_c_FieldValues","groupType":"Cyclic","groupNotes":"Used in Formula creator","createUser":"admin","modifyUser":"","createDate":788936400,"modifyDate":"","fields":[{"fieldName":"ProductName","fieldLabel":"Product Name","fieldOrder":1}]},{"id":"7ae7ff7a-fad3-4aa1-8c02-014d94bc2a07","application":"SalesFlash","groupName":"_c_Digital","groupType":"Cyclic","groupNotes":"Used in Advertising->Order Details","createUser":"admin","modifyUser":"","createDate":788936400,"modifyDate":"","fields":[{"fieldName":"DGMedia_CampaignName","fieldLabel":"Campaign","fieldOrder":1},{"fieldName":"DGMedia_UnitName","fieldLabel":" Unit Name","fieldOrder":2},{"fieldName":"DGMedia_Site","fieldLabel":"Site","fieldOrder":3},{"fieldName":"DGMedia_Section","fieldLabel":"Section","fieldOrder":4},{"fieldName":"DGMedia_Page","fieldLabel":"Page","fieldOrder":5}]},{"id":"f4c55934-4a10-4f8f-b138-519530e7cdeb","application":"SalesFlash","groupName":"%_c_CustomLB_1","groupType":"Cyclic","groupNotes":"Custom List box Cyclic Group 1","createUser":"admin","modifyUser":"","createDate":788936400,"modifyDate":"","fields":[{"fieldName":"AdSubType","fieldLabel":"Ad Sub Type","fieldOrder":1},{"fieldName":"ProductAlias","fieldLabel":"Product Alias","fieldOrder":2},{"fieldName":"PlacementAlias","fieldLabel":"Placement Alias","fieldOrder":3},{"fieldName":"PositionAlias","fieldLabel":"Position Alias","fieldOrder":4}]},{"id":"2a63c2a6-f21f-4071-a0b3-91af94162b85","application":"AdvertisingAnalytix","groupName":"_c_CustomerHierarchy","groupType":"Cyclic","groupNotes":"","createUser":"admin","modifyUser":"","createDate":788936400,"modifyDate":"","fields":[{"fieldName":"AccountNumber_AdBase","fieldLabel":"Account Number","fieldOrder":2},{"fieldName":"NameLast_BSN","fieldLabel":"Customer Name","fieldOrder":1}]},{"id":"c77363b7-cb1d-4f9b-b224-7925f1548ddf","application":"AdvertisingAnalytix","groupName":"_c_dateMonthPeriod","groupType":"Cyclic","groupNotes":"Used in standard charts.  Let's user change to posting/Insert period or month or add all in and use as Cyclic ","createUser":"admin","modifyUser":"","createDate":788936400,"modifyDate":"","fields":[{"fieldName":"Posting_Month","fieldLabel":"Posting Month","fieldOrder":1},{"fieldName":"Posting_PeriodOfYearNumber","fieldLabel":"Posting Period","fieldOrder":2}]},{"id":"b21461f6-0595-4f4d-ae54-f50e0369d33c","application":"AdvertisingAnalytix","groupName":"_c_GLHierarchy","groupType":"Cyclic","groupNotes":"","createUser":"admin","modifyUser":"","createDate":788936400,"modifyDate":"","fields":[{"fieldName":"GLNumber","fieldLabel":"GL Number","fieldOrder":2},{"fieldName":"GLName","fieldLabel":"GL Name","fieldOrder":1}]},{"id":"9650ee48-6a0e-4e68-a129-4e2343f30d6e","application":"AdvertisingAnalytix","groupName":"_c_RepHierarchy","groupType":"Cyclic","groupNotes":"","createUser":"admin","modifyUser":"","createDate":788936400,"modifyDate":"","fields":[{"fieldName":"SoldBy_SalesTeam","fieldLabel":"Sold By Team","fieldOrder":1},{"fieldName":"SoldBy_SalesTerritory","fieldLabel":"Sold By Territory","fieldOrder":2},{"fieldName":"SoldBy_SalesRegion","fieldLabel":"Sold By Region","fieldOrder":3},{"fieldName":"SoldBy_RepLoginName","fieldLabel":"Sold By Rep","fieldOrder":4}]},{"id":"43c62afb-4b04-4b7a-bdfd-b8e08403e9bc","application":"AdvertisingAnalytix","groupName":"_c_TopPerformers","groupType":"Cyclic","groupNotes":"Used in the Top Performers chart on the Advertising tab-> Winners/Losers button","createUser":"admin","modifyUser":"","createDate":788936400,"modifyDate":"","fields":[{"fieldName":"SoldBy_SalesTeam","fieldLabel":"Sold By Team","fieldOrder":1},{"fieldName":"SoldBy_RepLoginName","fieldLabel":"Sold by Rep","fieldOrder":2},{"fieldName":"AccountNumber_AdBase","fieldLabel":"Account Number","fieldOrder":3},{"fieldName":"NameLast_BSN","fieldLabel":"Customer Name","fieldOrder":4}]},{"id":"e812863f-2101-4f03-8e18-13bd62c00825","application":"AdvertisingAnalytix","groupName":"_d_FinanceAdjustments","groupType":"Drill","groupNotes":"Finance->Adjustments/Adjustments Drill Down chart","createUser":"admin","modifyUser":"","createDate":788936400,"modifyDate":"","fields":[{"fieldName":"Posting_MonthNumPlusYear","fieldLabel":"Month-Year","fieldOrder":1},{"fieldName":"SoldBy_SalesTeam","fieldLabel":"Sold By Team","fieldOrder":2},{"fieldName":"SoldBy_RepLoginName","fieldLabel":"Sold By Rep","fieldOrder":3}]},{"id":"010d71cf-1f16-4b2d-9a29-bf9acd70eebf","application":"AdvertisingAnalytix","groupName":"_sys_c_FieldValues","groupType":"Cyclic","groupNotes":"Used in Formula creator","createUser":"admin","modifyUser":"","createDate":788936400,"modifyDate":"","fields":[{"fieldName":"ProductName","fieldLabel":"Product Name","fieldOrder":1}]},{"id":"0cd3ee63-5268-46fe-9e5e-a87cf6a9776f","application":"AdvertisingAnalytix","groupName":"_c_Digital","groupType":"Cyclic","groupNotes":"Used in Advertising->Order Details","createUser":"admin","modifyUser":"","createDate":788936400,"modifyDate":"","fields":[{"fieldName":"DGMedia_CampaignName","fieldLabel":"Campaign","fieldOrder":1},{"fieldName":"DGMedia_UnitName","fieldLabel":"Unit","fieldOrder":2},{"fieldName":"DGMedia_Site","fieldLabel":"Site","fieldOrder":3},{"fieldName":"DGMedia_Section","fieldLabel":"Section","fieldOrder":4},{"fieldName":"DGMedia_Page","fieldLabel":"Page","fieldOrder":5}]},{"id":"92df9af7-682a-4979-aceb-c6d91ae90d62","application":"AdvertisingAnalytix","groupName":"_c_SIC","groupType":"Cyclic","groupNotes":"","createUser":"admin","modifyUser":"","createDate":788936400,"modifyDate":"","fields":[{"fieldName":"SICCode","fieldLabel":"SIC Code","fieldOrder":1},{"fieldName":"SICDescription","fieldLabel":"SIC Description","fieldOrder":2}]},{"id":"ff0a009f-2d0d-4812-a1b7-4593de0b5d56","application":"AdvertisingAnalytix","groupName":"%_c_CustomLB_1","groupType":"Cyclic","groupNotes":"Custom List box Cyclic Group 1","createUser":"admin","modifyUser":"","createDate":788936400,"modifyDate":"","fields":[{"fieldName":"AdSubType","fieldLabel":"Ad Sub Type","fieldOrder":1},{"fieldName":"ProductAlias","fieldLabel":"Product Alias","fieldOrder":2},{"fieldName":"PlacementAlias","fieldLabel":"Placement Alias","fieldOrder":3},{"fieldName":"PositionAlias","fieldLabel":"Position Alias","fieldOrder":4}]},{"id":"4dec142a-d50a-4fe1-9ea6-1a6b52e66557","application":"ARAnalytix","groupName":"_c_CustomerHierarchy","groupType":"Cyclic","groupNotes":"","createUser":"admin","modifyUser":"","createDate":788936400,"modifyDate":"","fields":[{"fieldName":"=$(=$(vSC_ClientType) & '_NameLast_BSN')","fieldLabel":"=$(vSC_ClientType) & ' Name'","fieldOrder":1},{"fieldName":"=$(=$(vSC_ClientType) & '_AccountNumber_AdBase')","fieldLabel":"=$(vSC_ClientType) & ' Account Number'","fieldOrder":2}]},{"id":"52a1bb5c-5d56-4c6c-921a-6e42ebebe304","application":"ARAnalytix","groupName":"_c_RepHierarchy","groupType":"Cyclic","groupNotes":"","createUser":"admin","modifyUser":"","createDate":788936400,"modifyDate":"","fields":[{"fieldName":"SoldBy_SalesTeam","fieldLabel":"Sold By Team","fieldOrder":1},{"fieldName":"SoldBy_SalesTerritory","fieldLabel":"Sold By Territory","fieldOrder":2},{"fieldName":"SoldBy_SalesRegion","fieldLabel":"Sold By Region","fieldOrder":3},{"fieldName":"SoldBy_RepLoginName","fieldLabel":"Sold By Rep","fieldOrder":4}]},{"id":"23fa5620-f5e3-4659-a84c-8fb63a08e9bb","application":"ARAnalytix","groupName":"_sys_c_FieldValues","groupType":"Cyclic","groupNotes":"Used in Formula creator","createUser":"admin","modifyUser":"","createDate":788936400,"modifyDate":"","fields":[{"fieldName":"ProductName","fieldLabel":"Product Name","fieldOrder":1}]},{"id":"1e5531c8-dee1-4848-8357-bd62f16e7d4e","application":"ARAnalytix","groupName":"%_c_CustomLB_1","groupType":"Cyclic","groupNotes":"Custom List box Cyclic Group 1","createUser":"admin","modifyUser":"","createDate":788936400,"modifyDate":"","fields":[{"fieldName":"AdSubType","fieldLabel":"Ad Sub Type","fieldOrder":1},{"fieldName":"ProductAlias","fieldLabel":"Product Alias","fieldOrder":2},{"fieldName":"PlacementAlias","fieldLabel":"Placement Alias","fieldOrder":3},{"fieldName":"PositionAlias","fieldLabel":"Position Alias","fieldOrder":4}]},{"id":"1ecbd42e-0abf-42b4-9ad3-0a4f71606463","application":"ARAnalytix","groupName":"%_c_CustomLB_2","groupType":"Cyclic","groupNotes":"","createUser":"admin","modifyUser":"","createDate":788936400,"modifyDate":"","fields":[{"fieldName":"PAYINV_TransactionNumber","fieldLabel":"TransactionNumber","fieldOrder":1}]},{"id":"8c980f2f-0240-4c6e-a0a6-e3aeeef6f145","application":"ARAnalytix","groupName":"%_c_CustomLB_3","groupType":"Cyclic","groupNotes":"","createUser":"admin","modifyUser":"","createDate":788936400,"modifyDate":"","fields":[{"fieldName":"Payer_NameLast_BSN","fieldLabel":"Payer Name","fieldOrder":1}]},{"id":"b8b8ec05-c479-4916-bae5-b7231e7b43dd","application":"Contracts","groupName":"_c_CustomerHierarchy","groupType":"Cyclic","groupNotes":"Customer Hierarchy Group using formula to show either Orderer or Payer.","createUser":"admin","modifyUser":"","createDate":788936400,"modifyDate":1495807041,"fields":[{"fieldName":"= $(='Primary' &$(vSC_ClientType) & '_AccountNumber_AdBase')","fieldLabel":"=$(vSC_ClientType) & ' Account Number'","fieldOrder":2},{"fieldName":"=$(='Primary' & $(vSC_ClientType) & '_NameLast_BSN')","fieldLabel":"=$(vSC_ClientType) & ' Name'","fieldOrder":1}]},{"id":"70d0adb9-c083-4a30-bc28-cea4d83d114d","application":"Contracts","groupName":"_c_RepHierarchy","groupType":"Cyclic","groupNotes":"Sold by Rep Hierarchy","createUser":"admin","modifyUser":"","createDate":788936400,"modifyDate":1495807056,"fields":[{"fieldName":"SoldBy_SalesTeam","fieldLabel":"Sold By Team","fieldOrder":1},{"fieldName":"SoldBy_SalesTerritory","fieldLabel":"Sold By Territory","fieldOrder":2},{"fieldName":"SoldBy_SalesRegion","fieldLabel":"Sold By Region","fieldOrder":3},{"fieldName":"SoldBy_RepLoginName","fieldLabel":"Sold By Rep","fieldOrder":4}]},{"id":"8bdca870-5cf2-497a-a1b8-5a19ab1c8d58","application":"Contracts","groupName":"_sys_c_FieldValues","groupType":"Cyclic","groupNotes":"Used in Formula creator","createUser":"admin","modifyUser":"","createDate":788936400,"modifyDate":"","fields":[{"fieldName":"ProductName","fieldLabel":"Product Name","fieldOrder":1}]},{"id":"8bcf12b6-2f98-4990-a974-f8c953a6b3fd","application":"Contracts","groupName":"_d_Expiration","groupType":"Drill","groupNotes":"","createUser":"admin","modifyUser":"","createDate":788936400,"modifyDate":"","fields":[{"fieldName":"=Dual(Replace(Class(DaysUntilExpiration,$(vinputExpirationBucket)), '<= x <', '-'),Class(DaysUntilExpiration, $(vinputExpirationBucket)))","fieldLabel":"Expiration Buckets","fieldOrder":1},{"fieldName":"DaysUntilExpiration","fieldLabel":"Days Until Expiration","fieldOrder":2}]},{"id":"2e6272f8-34b0-4e36-ae0c-1601ef56506f","application":"Contracts","groupName":"%_c_CustomLB_1","groupType":"Cyclic","groupNotes":"Custom List box Cyclic Group 1","createUser":"admin","modifyUser":"","createDate":788936400,"modifyDate":"","fields":[{"fieldName":"FulfillmentUnitsDesc1","fieldLabel":"Fulfillment Units Desc1","fieldOrder":1},{"fieldName":"ContractType","fieldLabel":"Contract Type","fieldOrder":2},{"fieldName":"ContractDuration","fieldLabel":"Contract Duration","fieldOrder":3}]},{"id":"d1ba2d91-028a-48df-bf71-c059d10aba4e","application":"Contracts","groupName":"_c_MonthOrWeekYear","groupType":"Cyclic","groupNotes":"","createUser":"admin","modifyUser":"","createDate":788936400,"modifyDate":"","fields":[{"fieldName":"Insert_MonthNumPlusYear","fieldLabel":"Month/Year","fieldOrder":1},{"fieldName":"=Insert_WeekOfYear & '-' & Insert_CalendarYear ","fieldLabel":"Week/Year","fieldOrder":2}]},{"id":"60cb32c4-bbd7-4b41-a84d-72d98190f520","application":"Contracts","groupName":"_c_FulfillmentnUnits","groupType":"Cyclic","groupNotes":"","createUser":"admin","modifyUser":"","createDate":788936400,"modifyDate":"","fields":[{"fieldName":"FulfillmentUnitsDesc1","fieldLabel":"Fulfillment Unit 1","fieldOrder":1},{"fieldName":"FulfillmentUnitsDesc2","fieldLabel":"Fulfillment Unit 2","fieldOrder":2},{"fieldName":"FulfillmentUnitsDesc3","fieldLabel":"Fulfillment Unit 3","fieldOrder":3},{"fieldName":"FulfillmentUnitsDesc4","fieldLabel":"Fulfillment Unit 4","fieldOrder":4},{"fieldName":"FulfillmentUnitsDesc5","fieldLabel":"Fulfillment Unit 5","fieldOrder":5},{"fieldName":"FulfillmentUnitsDesc6","fieldLabel":"Fulfillment Unit 6","fieldOrder":6}]}]