[{"name":"vSC_date_CalendarYearField","expression":"=IF(vSC_DateType='INSERT', 'Insert_CalendarYear' ,  \n IF(vSC_DateType='POSTING',  'Posting_CalendarYear', 'Create_CalendarYear'))","notes":"Selection Criteria Tab","description":"This variable will be used in the CalendarYear list box and will change the field based on the value in the vSC_DateType field","group":"Dynamic Date Selection","locked":false,"application":"AdvertisingAnalytix","createDate":788936400,"modifyDate":1572902088,"createUser":"admin","modifyUser":"admin","id":"da82c620-d793-4753-b506-51a05c9f559a"},{"name":"vSC_date_FiscalYearField","expression":"=IF(vSC_DateType='INSERT', 'Insert_FiscalYear' ,  \n IF(vSC_DateType='POSTING',  'Posting_FiscalYear', 'Create_FiscalYear'))","notes":"Selection Criteria Tab","description":"This variable will be used in the Fiscal Year list box and will change the field based on the value in the vSC_DateType field","group":"Dynamic Date Selection","locked":true,"application":"AdvertisingAnalytix","createDate":788936400,"modifyDate":"","createUser":"admin","modifyUser":"","id":"ac7cf6f4-fe07-4035-b3ab-43f82d9e3c12"},{"name":"vSC_date_QuarterField","expression":"=IF(vSC_DateType='INSERT', 'Insert_QuarterCalendarText' ,  \n IF(vSC_DateType='POSTING',  'Posting_QuarterCalendarText', 'Create_QuarterCalendarText'))","notes":"Selection Criteria Tab","description":"This variable will be used in the Quarter list box and will change the field based on the value in the vSC_DateType field","group":"Dynamic Date Selection","locked":true,"application":"AdvertisingAnalytix","createDate":788936400,"modifyDate":"","createUser":"admin","modifyUser":"","id":"6fa33500-2275-4b7c-8868-e2d4eef86b2e"},{"name":"vSC_date_PeriodField","expression":"=IF(vSC_DateType='INSERT', 'Insert_PeriodOfYearNumber' ,  \n IF(vSC_DateType='POSTING',  'Posting_PeriodOfYearNumber', 'Create_PeriodOfYearNumber'))","notes":"Selection Criteria Tab","description":"This variable will be used in the Period list box and will change the field based on the value in the vSC_DateType field","group":"Dynamic Date Selection","locked":true,"application":"AdvertisingAnalytix","createDate":788936400,"modifyDate":"","createUser":"admin","modifyUser":"","id":"a17492e3-73b6-4bc5-bab0-9de879f41e30"},{"name":"vSC_date_MonthField","expression":"=IF(vSC_DateType='INSERT', 'Insert_Month' ,  \n IF(vSC_DateType='POSTING',  'Posting_Month', 'Create_Month'))\n","notes":"Selection Criteria Tab","description":"This variable will be used in the Month list box and will change the field based on the value in the vSC_DateType field","group":"Dynamic Date Selection","locked":true,"application":"AdvertisingAnalytix","createDate":788936400,"modifyDate":"","createUser":"admin","modifyUser":"","id":"3b95adc1-e63c-4db7-bbf6-da1c78e3fc6e"},{"name":"vSC_date_DayOfMonthField","expression":"=IF(vSC_DateType='INSERT', 'Insert_DayOfMonth' ,  \n IF(vSC_DateType='POSTING',  'Posting_DayOfMonth', 'Create_DayOfMonth'))","notes":"Selection Criteria Tab","description":"This variable will be used in the Day of Month list box and will change the field based on the value in the vSC_DateType field","group":"Dynamic Date Selection","locked":true,"application":"AdvertisingAnalytix","createDate":788936400,"modifyDate":"","createUser":"admin","modifyUser":"","id":"3739da55-ea26-496c-9e62-633dd1e3e537"},{"name":"vSC_date_CalendarDateField","expression":"=IF(vSC_DateType='INSERT', 'InsertCalendarDate' ,  \n IF(vSC_DateType='POSTING',  'PostingCalendarDate', 'CreateCalendarDate'))","notes":"Selection Criteria Tab","description":"This variable will be used in the CalendarDate list box and will change the field based on the value in the vSC_DateType field","group":"Dynamic Date Selection","locked":true,"application":"AdvertisingAnalytix","createDate":788936400,"modifyDate":"","createUser":"admin","modifyUser":"","id":"847a4391-9e2c-455d-b0dc-eb8e6ac1a167"},{"name":"vSC_date_WeekField","expression":"=IF(vSC_DateType='INSERT', 'Insert_WeekOfYear' ,  \n IF(vSC_DateType='POSTING',  'Posting_WeekOfYear', 'Create_WeekOfYear'))","notes":"Selection Criteria Tab","description":"This variable will be used in the Week list box and will change the field based on the value in the vSC_DateType field","group":"Dynamic Date Selection","locked":true,"application":"AdvertisingAnalytix","createDate":788936400,"modifyDate":"","createUser":"admin","modifyUser":"","id":"2c084e7c-fb77-446b-bd1a-90bb96d204d5"},{"name":"vSC_date_DayOfWeekField","expression":"=IF(vSC_DateType='INSERT', 'Insert_DayOfWeekText' ,  \n IF(vSC_DateType='POSTING',  'Posting_DayOfWeekText', 'Create_DayOfWeekText'))","notes":"Selection Criteria Tab","description":"This variable will be used in the Day of Week list box and will change the field based on the value in the vSC_DateType field","group":"Dynamic Date Selection","locked":true,"application":"AdvertisingAnalytix","createDate":788936400,"modifyDate":"","createUser":"admin","modifyUser":"","id":"592063f9-39ef-4c79-a56d-8509e29ab339"},{"name":"vSC_date_HolidayField","expression":"=IF(vSC_DateType='INSERT', 'Insert_HolidayName' ,  \n IF(vSC_DateType='POSTING',  'Posting_HolidayName', 'Create_HolidayName'))","notes":"Selection Criteria Tab","description":"This variable will be used in the Holiday list box and will change the field based on the value in the vSC_DateType field","group":"Dynamic Date Selection","locked":true,"application":"AdvertisingAnalytix","createDate":788936400,"modifyDate":"","createUser":"admin","modifyUser":"","id":"b0854bbf-d4eb-487c-9ab1-b2700772e2bb"},{"name":"vsysCurrentSelections","expression":"=if(vsysShowCS = 1, '  Click Here To Hide', if(isnull(GetCurrentSelections()), '  Nothing selected', GetCurrentSelections(' | ', ': ', ',',0)))","notes":"","description":"Used in the DisplayCurrent Selections boxes.","group":"System-CurrentSelections","locked":true,"application":"AdvertisingAnalytix","createDate":788936400,"modifyDate":"","createUser":"admin","modifyUser":"","id":"69f6f736-fdd0-494d-99d1-9e00f611fa35"},{"name":"vsysShowCS","expression":0,"notes":"","description":"Flag to determine if we should show or hide a current selections object","group":"System-CurrentSelections","locked":true,"application":"AdvertisingAnalytix","createDate":788936400,"modifyDate":"","createUser":"admin","modifyUser":"","id":"607ddd78-a60c-455a-a446-e253271b3766"},{"name":"vsysFormulaCreatorTemp","expression":"…","notes":"","description":"A variable that will hold the formula being created by Formula Creator.","group":"System-FormulaCreator","locked":true,"application":"AdvertisingAnalytix","createDate":788936400,"modifyDate":"","createUser":"admin","modifyUser":"","id":"216cfee2-1c85-4932-9b30-4f46781dcd65"},{"name":"vReloadVariables","expression":0,"notes":"Main tab","description":"","group":"System-Load Switches","locked":true,"application":"AdvertisingAnalytix","createDate":788936400,"modifyDate":"","createUser":"admin","modifyUser":"","id":"ffa03ee0-5286-4e6c-bc86-fb42c2ff06ea"},{"name":"vLoadCRM","expression":0,"notes":"","description":"","group":"System-Load Switches","locked":true,"application":"AdvertisingAnalytix","createDate":788936400,"modifyDate":"","createUser":"admin","modifyUser":"","id":"ed17de54-41ca-425a-bc85-8663e27e62ed"},{"name":"vLoadOldAcctNums","expression":0,"notes":"","description":"","group":"System-Load Switches","locked":true,"application":"AdvertisingAnalytix","createDate":788936400,"modifyDate":"","createUser":"admin","modifyUser":"","id":"e5748800-2e23-4554-aea3-a28d402b066d"},{"name":"vLoadPRS","expression":0,"notes":"","description":"","group":"System-Load Switches","locked":true,"application":"AdvertisingAnalytix","createDate":788936400,"modifyDate":"","createUser":"admin","modifyUser":"","id":"c3c40cc2-ae8e-4da4-9bb6-08b4efd42816"},{"name":"vLoadCustomScripts","expression":0,"notes":"Main tab","description":"Used in SOURCE_ to determine if Custom Scripts should be loaded.  If true, Source file will look in CustomScripts\\SalesFlash\\*.qvs","group":"System-Load Switches","locked":true,"application":"AdvertisingAnalytix","createDate":788936400,"modifyDate":"","createUser":"admin","modifyUser":"","id":"3b309d3a-1d54-48a1-be81-d0649bc59bff"},{"name":"vShowHelp","expression":" ","notes":"","description":"","group":"System-Variables","locked":true,"application":"AdvertisingAnalytix","createDate":788936400,"modifyDate":"","createUser":"admin","modifyUser":"","id":"64eab97c-206d-4869-a14a-6172261a8109"},{"name":"SelectYear","expression":"=[YearComparison%]","notes":"","description":"Used for Year over Year caclulations","group":"System-Variables","locked":true,"application":"AdvertisingAnalytix","createDate":788936400,"modifyDate":"","createUser":"admin","modifyUser":"","id":"45355466-df41-411f-ba7c-efd6a547c223"},{"name":"vFiscalOrCalendarYear","expression":"Capitalize('$(vSC_DateType)') & '_CalendarYear'","notes":"","description":"Allows the user to do YOY comparisons based on the Fiscal or Calendar Year.  Will be either Posting_CalendarYear or Insert_CalendarYear.\nSample Dimension Usage:\n=$(=$(vFiscalOrCalendarYear))\nSample Expression Usage:\nSUM( {<$(=$(vFiscalOrCalendarYear)) = {$(=$(SelectYear))}>} $(NetRevenue))","group":"System-Variables","locked":true,"application":"AdvertisingAnalytix","createDate":788936400,"modifyDate":"","createUser":"admin","modifyUser":"","id":"7d60cd16-8241-40dd-8241-6c3a4d226866"},{"name":"vFiscalOrCalendarYearLabel","expression":"Calendar","notes":"","description":"Label for the List boxes, Dimensions and Expressions that use the Dynamic Year and month/period fields","group":"System-Variables","locked":true,"application":"AdvertisingAnalytix","createDate":788936400,"modifyDate":"","createUser":"admin","modifyUser":"","id":"a319d7ae-c054-4cce-b706-37b0bac394b2"},{"name":"vFiscalOrCalendarMonthPeriod","expression":"Capitalize('$(vSC_DateType)') & '_Month'","notes":"","description":"Dynamic field that can be used in Dimensions.  This will allow the user to select whether they see Insert/posting/create and Calendar(month) or Fiscal(period).\n=$(=$(vFiscalOrCalendarMonthPeriod))","group":"System-Variables","locked":true,"application":"AdvertisingAnalytix","createDate":788936400,"modifyDate":"","createUser":"admin","modifyUser":"","id":"02a4109f-179a-4c33-a72c-ff463429fd31"},{"name":"vFiscalOrCalendarMonthPeriodLabel","expression":"Month","notes":"","description":"Label to be used for the charts that use this Dynamic Dimension","group":"System-Variables","locked":true,"application":"AdvertisingAnalytix","createDate":788936400,"modifyDate":"","createUser":"admin","modifyUser":"","id":"e46eaf1a-796d-4c26-9874-a8b8ea7d573f"},{"name":"vFiscalOrCalendarYTD","expression":" ","notes":"","description":"Sets the YTD Flag based on the Date settings - Controlled by YTDSwitch Macro\nCapitalize('$(vSC_DateType)') & '_FLAG_YTD'","group":"System-Variables","locked":true,"application":"AdvertisingAnalytix","createDate":788936400,"modifyDate":"","createUser":"admin","modifyUser":"","id":"ed5460f8-0163-45b7-b355-2bae14d5072f"},{"name":"vsysButtonColorOn","expression":"ARGB(100,209,239,180)","notes":"","description":"On sheets with a button bar down the side, this will be the color of the button selected.","group":"System-Variables","locked":true,"application":"AdvertisingAnalytix","createDate":788936400,"modifyDate":"","createUser":"admin","modifyUser":"","id":"57a7aa8d-f3db-4887-be56-1ea9d4c73c8d"},{"name":"vsysButtonColorOff","expression":"ARGB(255,255,255,255)","notes":"","description":"On sheets with a button bar down the side, this will be the color of the buttons NOT selected.","group":"System-Variables","locked":true,"application":"AdvertisingAnalytix","createDate":788936400,"modifyDate":"","createUser":"admin","modifyUser":"","id":"5692e18c-df8a-4ad7-a8d0-68ede4c7f3c4"},{"name":"vTab","expression":"DateActive","notes":"Selection Criteria tab","description":"","group":"Button Lists","locked":false,"application":"AdvertisingAnalytix","createDate":788936400,"modifyDate":"","createUser":"admin","modifyUser":"","id":"1ee29084-f042-4924-9e8d-a9b967d4392a"},{"name":"vQSTab","expression":"DateActive","notes":"Quick Select ribbon","description":"","group":"Button Lists","locked":false,"application":"AdvertisingAnalytix","createDate":788936400,"modifyDate":"","createUser":"admin","modifyUser":"","id":"0d254f86-c05f-41bb-aef8-11caf642f42b"},{"name":"vbtnsOrderInfo","expression":1,"notes":"","description":"Controls which reports are showing on the Order Information tab","group":"Button Lists","locked":false,"application":"AdvertisingAnalytix","createDate":788936400,"modifyDate":"","createUser":"admin","modifyUser":"","id":"47a6ed36-c1bb-4d84-b4b9-9a7cac14d5ba"},{"name":"vbtnsReference","expression":1,"notes":"","description":"Controls which reports are showing on the Reference sheet","group":"Button Lists","locked":false,"application":"AdvertisingAnalytix","createDate":788936400,"modifyDate":"","createUser":"admin","modifyUser":"","id":"3e4f014d-5537-48c2-8ae1-f959497d8ecd"},{"name":"vbtnsMiscReports","expression":1,"notes":"","description":"Controls which reports are showing on the Misc Reports sheet","group":"Button Lists","locked":false,"application":"AdvertisingAnalytix","createDate":788936400,"modifyDate":"","createUser":"admin","modifyUser":"","id":"e970d26e-2bb9-4122-90b7-9a6116e9f3cf"},{"name":"vbtnsReference","expression":1,"notes":"","description":"Controls which reports are showing on the Reference sheet","group":"Button Lists","locked":false,"application":"AdvertisingAnalytix","createDate":788936400,"modifyDate":"","createUser":"admin","modifyUser":"","id":"202cc382-17c7-4489-81f7-455e6393528f"},{"name":"vSC_DateType","expression":"INSERT","notes":"Selection Criteria Tab","description":"Holds either INSERT, POSTING or CREATE.  Used to dynamically change Date List boxes.","group":"Dynamic Date Selection","locked":false,"application":"AdvertisingAnalytix","createDate":788936400,"modifyDate":"","createUser":"admin","modifyUser":"","id":"ad20c62c-ecac-4568-b1c3-1281b46c7f8f"},{"name":"vFiscalOrCalendarFlag","expression":0,"notes":"","description":"0=Calendar, 1=Fiscal","group":"Dynamic Date Selection","locked":false,"application":"AdvertisingAnalytix","createDate":788936400,"modifyDate":"","createUser":"admin","modifyUser":"","id":"e73b5f17-6b6f-4609-bd95-b1a1e5762660"},{"name":"vShowAdvancedSheets","expression":0,"notes":"Main tab","description":"Shows/hides Reference Charts, Tables & Fields, Formulas, Formula Creator tabs","group":"Sheet Visability","locked":false,"application":"AdvertisingAnalytix","createDate":788936400,"modifyDate":"","createUser":"admin","modifyUser":"","id":"7dc803d4-37d6-476a-b43f-56d5b7033123"},{"name":"vOSUser","expression":"=OSUser()","notes":"","description":"","group":"System-Variables","locked":false,"application":"AdvertisingAnalytix","createDate":788936400,"modifyDate":"","createUser":"admin","modifyUser":"","id":"92f4dfd0-b384-4ab4-9c82-b17652c65221"},{"name":"vSC_date_CalendarYearField","expression":"=IF(vSC_DateType='INVOICE', 'Invoice_Effective_Year' ,'Payment_Effective_Year')","notes":"Selection Criteria Tab","description":"This variable will be used in the CalendarYear list box and will change the field based on the value in the vSC_DateType field","group":"Dynamic Date Selection","locked":true,"application":"ARAnalytix","createDate":788936400,"modifyDate":"","createUser":"admin","modifyUser":"","id":"1d638aed-6548-45ac-865e-02363dcfaae2"},{"name":"vSC_date_FiscalYearField","expression":"=IF(vSC_DateType='INVOICE', 'Invoice_Effective_FiscalYear' ,'Payment_Effective_FiscalYear')","notes":"Selection Criteria Tab","description":"This variable will be used in the Fiscal Year list box and will change the field based on the value in the vSC_DateType field","group":"Dynamic Date Selection","locked":true,"application":"ARAnalytix","createDate":788936400,"modifyDate":"","createUser":"admin","modifyUser":"","id":"afaaa20b-63d7-48bf-acdd-aaa1c89a6a72"},{"name":"vSC_date_QuarterField","expression":"=IF(vSC_DateType='INVOICE', 'Invoice_Effective_Quarter_Calendar_Text' ,'Payment_Effective_Quarter_Calendar_Text')","notes":"Selection Criteria Tab","description":"This variable will be used in the Quarter list box and will change the field based on the value in the vSC_DateType field","group":"Dynamic Date Selection","locked":true,"application":"ARAnalytix","createDate":788936400,"modifyDate":"","createUser":"admin","modifyUser":"","id":"a3903aaa-2b44-4324-9dd3-14b8f40db9a3"},{"name":"vSC_date_PeriodField","expression":"=IF(vSC_DateType='INVOICE', 'Invoice_Effective_Period_OfYear_Number' ,'Payment_Effective_Period_OfYear_Number')","notes":"Selection Criteria Tab","description":"This variable will be used in the Period list box and will change the field based on the value in the vSC_DateType field","group":"Dynamic Date Selection","locked":true,"application":"ARAnalytix","createDate":788936400,"modifyDate":"","createUser":"admin","modifyUser":"","id":"fc83d182-5e2e-42e8-b723-297c289c661f"},{"name":"vSC_date_MonthField","expression":"=IF(vSC_DateType='INVOICE', 'Invoice_Effective_Month' ,'Payment_Effective_Month')","notes":"Selection Criteria Tab","description":"This variable will be used in the Month list box and will change the field based on the value in the vSC_DateType field","group":"Dynamic Date Selection","locked":true,"application":"ARAnalytix","createDate":788936400,"modifyDate":"","createUser":"admin","modifyUser":"","id":"560c7ca1-9673-4602-9f96-8423459119fb"},{"name":"vSC_date_DayOfMonthField","expression":"=IF(vSC_DateType='INVOICE', 'Invoice_Effective_DayOfMonth' ,'Payment_Effective_DayOfMonth')","notes":"Selection Criteria Tab","description":"This variable will be used in the Day of Month list box and will change the field based on the value in the vSC_DateType field","group":"Dynamic Date Selection","locked":true,"application":"ARAnalytix","createDate":788936400,"modifyDate":"","createUser":"admin","modifyUser":"","id":"2e1c6419-2130-41fa-88a6-d262d9edbd4a"},{"name":"vSC_date_CalendarDateField","expression":"=IF(vSC_DateType='INVOICE', 'Invoice_EffectiveDate' ,'Payment_EffectiveDate')","notes":"Selection Criteria Tab","description":"This variable will be used in the CalendarDate list box and will change the field based on the value in the vSC_DateType field","group":"Dynamic Date Selection","locked":true,"application":"ARAnalytix","createDate":788936400,"modifyDate":"","createUser":"admin","modifyUser":"","id":"ea679978-1d09-4ea5-bb1c-8fb84b59a04c"},{"name":"vSC_date_WeekField","expression":"=IF(vSC_DateType='INVOICE', 'Invoice_Effective_WeekOfYear' \n,'Payment_Effective_WeekOfYear')","notes":"Selection Criteria Tab","description":"This variable will be used in the Week list box and will change the field based on the value in the vSC_DateType field","group":"Dynamic Date Selection","locked":true,"application":"ARAnalytix","createDate":788936400,"modifyDate":"","createUser":"admin","modifyUser":"","id":"acfd60b5-612a-4bb2-ab3c-894e40d45e5f"},{"name":"vSC_date_DayOfWeekField","expression":"=IF(vSC_DateType='INVOICE', 'Invoice_Effective_DayOfWeekText' ,'Payment_Effective_DayOfWeekText')","notes":"Selection Criteria Tab","description":"This variable will be used in the Day of Week list box and will change the field based on the value in the vSC_DateType field","group":"Dynamic Date Selection","locked":true,"application":"ARAnalytix","createDate":788936400,"modifyDate":"","createUser":"admin","modifyUser":"","id":"d6a66610-8e2d-477b-a13e-3c478a5ea770"},{"name":"vSC_date_HolidayField","expression":"=IF(vSC_DateType='INVOICE', 'Invoice_Effective_HolidayName' ,'Payment_Effective_HolidayName')","notes":"Selection Criteria Tab","description":"This variable will be used in the Holiday list box and will change the field based on the value in the vSC_DateType field","group":"Dynamic Date Selection","locked":true,"application":"ARAnalytix","createDate":788936400,"modifyDate":"","createUser":"admin","modifyUser":"","id":"c0729dd2-1158-4178-bed2-e84c59821055"},{"name":"vLoadAgingData","expression":"0","notes":"Main tab","description":"If 1, then will load aging data from the Aging table populated by the Aging utility.","group":"System-Load Switches","locked":false,"application":"ARAnalytix","createDate":788936400,"modifyDate":1520951567,"createUser":"admin","modifyUser":"user","id":"78621ccd-e70f-4e7b-aca2-9c370ee9d961"},{"name":"vCreateAgingHistoryFiles","expression":0,"notes":"Main tab","description":"","group":"Not in Use","locked":true,"application":"ARAnalytix","createDate":788936400,"modifyDate":"","createUser":"admin","modifyUser":"","id":"be91c2c7-557e-4fe1-8bfc-1e76553ff4f1"},{"name":"vsysCurrentSelections","expression":"=if(vsysShowCS = 1, '  Click Here To Hide', if(isnull(GetCurrentSelections()), '  Nothing selected', GetCurrentSelections(' | ', ': ', ',',0)))","notes":"","description":"Used in the DisplayCurrent Selections boxes.","group":"System-CurrentSelections","locked":true,"application":"ARAnalytix","createDate":788936400,"modifyDate":"","createUser":"admin","modifyUser":"","id":"686121f0-1ba5-45ba-9e24-029920d924ae"},{"name":"vsysShowCS","expression":0,"notes":"","description":"Flag to determine if we should show or hide a current selections object","group":"System-CurrentSelections","locked":true,"application":"ARAnalytix","createDate":788936400,"modifyDate":"","createUser":"admin","modifyUser":"","id":"20d0312f-7e32-4555-842c-4b7717a06e8d"},{"name":"vShowHelp","expression":" ","notes":"","description":"","group":"System-Variables","locked":true,"application":"ARAnalytix","createDate":788936400,"modifyDate":"","createUser":"admin","modifyUser":"","id":"5aaf53f8-88b7-462e-82c6-809dfc74d775"},{"name":"vReloadVariables","expression":0,"notes":"Main tab","description":"","group":"System-Load Switches","locked":true,"application":"ARAnalytix","createDate":788936400,"modifyDate":"","createUser":"admin","modifyUser":"","id":"5774ab25-c27b-4c00-bf30-8c12d84b28ab"},{"name":"vOSUser","expression":"=OSUser()","notes":"","description":"","group":"System-Variables","locked":true,"application":"ARAnalytix","createDate":788936400,"modifyDate":"","createUser":"admin","modifyUser":"","id":"0285909e-1bd5-4ed8-a894-c99e6fd19e4d"},{"name":"vsysButtonColorOn","expression":"ARGB(100,209,239,180)","notes":"","description":"On sheets with a button bar down the side, this will be the color of the button selected.","group":"System-Variables","locked":true,"application":"ARAnalytix","createDate":788936400,"modifyDate":"","createUser":"admin","modifyUser":"","id":"e3566d74-9547-433d-b933-80926d41c9dc"},{"name":"vsysButtonColorOff","expression":"ARGB(255,255,255,255)","notes":"","description":"On sheets with a button bar down the side, this will be the color of the buttons NOT selected.","group":"System-Variables","locked":true,"application":"ARAnalytix","createDate":788936400,"modifyDate":"","createUser":"admin","modifyUser":"","id":"87d174a4-db4e-440d-99c2-fb6b9a3c1cd8"},{"name":"vTab","expression":"DateActive","notes":"Selection Criteria tab","description":"","group":"Button Lists","locked":false,"application":"ARAnalytix","createDate":788936400,"modifyDate":"","createUser":"admin","modifyUser":"","id":"824eaeda-f6f8-42c2-ac0b-2fc22dbdfa99"},{"name":"vQSTab","expression":"DateActive","notes":"Quick Select ribbon","description":"","group":"Button Lists","locked":false,"application":"ARAnalytix","createDate":788936400,"modifyDate":"","createUser":"admin","modifyUser":"","id":"5fede4b0-2c74-4d5c-a8dc-92a787004d7c"},{"name":"vbtnsReference","expression":1,"notes":"","description":"Controls which reports are showing on the Reference sheet","group":"Button Lists","locked":false,"application":"ARAnalytix","createDate":788936400,"modifyDate":"","createUser":"admin","modifyUser":"","id":"3ad6faca-1c25-44db-acc4-59b560732544"},{"name":"vbtnsAR","expression":1,"notes":"AR Tab","description":"Controls which reports are showing on the AR Reports sheet","group":"Button Lists","locked":false,"application":"ARAnalytix","createDate":788936400,"modifyDate":"","createUser":"admin","modifyUser":"","id":"01649608-0660-44e0-ab9e-5ead38db30ca"},{"name":"vSC_ClientType","expression":"'Advertiser'","notes":"Selection Criteria Tab","description":"Holds either 'Advertiser' or 'Payer'.  Used to dynamically change Customer List boxes.\nNOTE: The variable MUST include the single quotes 'Advertiser'.","group":"Dynamic Customer Selection","locked":false,"application":"ARAnalytix","createDate":788936400,"modifyDate":"","createUser":"admin","modifyUser":"","id":"2fec574b-77cd-4c6a-938b-58c02b1ccf80"},{"name":"vSC_DateType","expression":"INVOICE","notes":"Selection Criteria Tab","description":"Holds either INVOICE or PAYCR.  Used to dynamically change Date List boxes.","group":"Dynamic Date Selection","locked":false,"application":"ARAnalytix","createDate":788936400,"modifyDate":"","createUser":"admin","modifyUser":"","id":"5aefe6b8-2562-435f-9e06-531c89ceb9f0"},{"name":"vShowTotals","expression":0,"notes":"","description":"Not used yet.  For customer use if needed.","group":"Report-Variables","locked":false,"application":"ARAnalytix","createDate":788936400,"modifyDate":"","createUser":"admin","modifyUser":"","id":"3c792d24-06f4-4e38-a9d8-96258040a645"},{"name":"vsysShowAdvancedSheets","expression":0,"notes":"","description":"When true, shows the Formulas, Formula Creator and Tables and Fields sheets.","group":"Sheet Visability","locked":false,"application":"ARAnalytix","createDate":788936400,"modifyDate":"","createUser":"admin","modifyUser":"","id":"2fe6d5a3-6ea8-4b8e-9450-058ec2aa5cbc"},{"name":"vLoadCustomScripts","expression":0,"notes":"Main tab","description":"Used in SOURCE_ to determine if Custom Scripts should be loaded.  If true, Source file will look in CustomScripts\\SalesFlash\\*.qvs","group":"System-Load Switches","locked":true,"application":"ARAnalytix","createDate":788936400,"modifyDate":"","createUser":"admin","modifyUser":"","id":"4cc06ed4-2ede-4a10-b42b-003cdc3238ea"},{"name":"vDateMethod","expression":"SOURCE","notes":"Main tab","description":"Determines how the minimum date is chosen for the load.\nQVD_ALL - Gets date info from the setting in QVD_ALL\nSOURCE - Gets date info from entry in the SOURCE_ARAnalytix.qvw","group":"System-Load Switches","locked":false,"application":"ARAnalytix","createDate":788936400,"modifyDate":"","createUser":"admin","modifyUser":"","id":"bb285295-2e30-4f1c-8c11-2362f5f35b2c"},{"name":"vStartYear","expression":"Year(AddMonths(YearStart(Today()),-48))","notes":"Main tab","description":"Set the starting Year that ARAnalytix will load from.","group":"Dynamic Date Selection","locked":false,"application":"ARAnalytix","createDate":788936400,"modifyDate":1520951715,"createUser":"admin","modifyUser":"user","id":"0cb7398c-3ea8-48de-a0de-7e1db5213134"},{"name":"vEndYear","expression":"Year(AddMonths(YearEnd(Today()),12))","notes":"Main tab","description":"Sets the ending Year that ARAnalytix will load to.","group":"Dynamic Date Selection","locked":false,"application":"ARAnalytix","createDate":788936400,"modifyDate":"","createUser":"admin","modifyUser":"","id":"faf44991-c4cb-4c76-bc41-f73df96d0215"},{"name":"vsysCurrentSelections","expression":"=if(vsysShowCS = 1, '  Click Here To Hide', if(isnull(GetCurrentSelections()), '  Nothing selected', GetCurrentSelections(' | ', ': ', ',',0)))","notes":"","description":"Used in the DisplayCurrent Selections boxes.","group":"System-CurrentSelections","locked":true,"application":"Contracts","createDate":788936400,"modifyDate":"","createUser":"admin","modifyUser":"","id":"b61ab2dd-63ae-4479-b7cc-e38c0b0c1c7a"},{"name":"vsysShowCS","expression":0,"notes":"","description":"Flag to determine if we should show or hide a current selections object","group":"System-CurrentSelections","locked":true,"application":"Contracts","createDate":788936401,"modifyDate":"","createUser":"admin","modifyUser":"","id":"310e67ca-2d7a-4030-a597-15cc719ffa63"},{"name":"vLoadAllInsertions","expression":0,"notes":"Main tab","description":"When true, will load ALL insertions, even if they do not fulfill a contract.","group":"System-Load Switches","locked":true,"application":"Contracts","createDate":788936402,"modifyDate":"","createUser":"admin","modifyUser":"","id":"ef9dc5f3-44ad-4dfb-9058-15879e05a8b4"},{"name":"vReloadVariables","expression":0,"notes":"Main tab","description":"","group":"System-Load Switches","locked":true,"application":"Contracts","createDate":788936403,"modifyDate":"","createUser":"admin","modifyUser":"","id":"b7457f01-366a-421f-9fba-6234161fdc5c"},{"name":"vLoadCustomScripts","expression":0,"notes":"Main tab","description":"Used in SOURCE_ to determine if Custom Scripts should be loaded.  If true, Source file will look in CustomScripts\\SalesFlash\\*.qvs","group":"System-Load Switches","locked":true,"application":"Contracts","createDate":788936404,"modifyDate":"","createUser":"admin","modifyUser":"","id":"1bb61300-051b-43f9-b9bc-0ad804b6143e"},{"name":"vShowHelp","expression":" ","notes":"","description":"","group":"System-Variables","locked":true,"application":"Contracts","createDate":788936405,"modifyDate":"","createUser":"admin","modifyUser":"","id":"9ae3e700-29ad-4430-9123-65e5c84ce818"},{"name":"vOSUser","expression":"=OSUser()","notes":"","description":"User logged into the application.","group":"System-Variables","locked":true,"application":"Contracts","createDate":788936406,"modifyDate":"","createUser":"admin","modifyUser":"","id":"4da3f865-0785-44be-99da-a6f014366a25"},{"name":"SelectYear","expression":"=[YearComparison%]","notes":"","description":"Used for Year over Year caclulations","group":"System-Variables","locked":true,"application":"Contracts","createDate":788936407,"modifyDate":"","createUser":"admin","modifyUser":"","id":"df79b521-f48e-4745-ad86-abb3078f4b75"},{"name":"vsysShowAdvancedSheets","expression":0,"notes":"","description":"When true, shows the Formulas, Formula Creator and Tables and Fields sheets.","group":"System-Variables","locked":true,"application":"Contracts","createDate":788936408,"modifyDate":"","createUser":"admin","modifyUser":"","id":"0dde23fc-c37f-45f1-9f30-6cb582b69b0b"},{"name":"vsysButtonColorOn","expression":"ARGB(100,209,239,180)","notes":"","description":"On sheets with a button bar down the side, this will be the color of the button selected.","group":"System-Variables","locked":true,"application":"Contracts","createDate":788936409,"modifyDate":"","createUser":"admin","modifyUser":"","id":"2b842279-24b7-4db8-b468-66461a080c2f"},{"name":"vsysButtonColorOff","expression":"ARGB(255,255,255,255)","notes":"","description":"On sheets with a button bar down the side, this will be the color of the buttons NOT selected.","group":"System-Variables","locked":true,"application":"Contracts","createDate":788936410,"modifyDate":"","createUser":"admin","modifyUser":"","id":"e14a380a-324c-41cd-8a52-f007455ce06c"},{"name":"vbtnsContractReports","expression":1,"notes":"Contract Reports Tab","description":"Controls which reports are showing on the Contract Reports sheet","group":"Button Lists","locked":false,"application":"Contracts","createDate":788936411,"modifyDate":"","createUser":"admin","modifyUser":"","id":"edefa72b-102c-4be6-a393-88f9c6a7b7e1"},{"name":"vbtnsReference","expression":1,"notes":"","description":"Controls which reports are showing on the Reference sheet","group":"Button Lists","locked":false,"application":"Contracts","createDate":788936412,"modifyDate":"","createUser":"admin","modifyUser":"","id":"5470167c-bbbc-4ebb-b416-c3da6e8134af"},{"name":"vTab","expression":"DateActive","notes":"Selection Criteria tab","description":"Used on Selection Criteria tab to determine which side tab is active.  \nOPTIONS: DateActive, ProductActive, ContractActive or OtherActive","group":"Button Lists","locked":false,"application":"Contracts","createDate":788936413,"modifyDate":"","createUser":"admin","modifyUser":"","id":"e2316a1e-3f07-495c-bac8-f6728f926b16"},{"name":"vQSTab","expression":"DateActive","notes":"Quick Select ribbon","description":"Used on all reporting tabs to determine which Quick Selection Ribbon tab is active. \nOPTIONS: DateActive, ProductActive, SalesActive, GLActive or OtherActive","group":"Button Lists","locked":false,"application":"Contracts","createDate":788936414,"modifyDate":"","createUser":"admin","modifyUser":"","id":"b3b7b6db-b151-4157-ae9a-fb1b5100bd36"},{"name":"vSC_ClientType","expression":"'Orderer'","notes":"Selection Criteria Tab","description":"Holds either 'Orderer' or 'Payer'.  Used to dynamically change Customer List boxes.\nNOTE: The variable MUST include the single quotes 'Advertiser'.","group":"Dynamic Customer Selection","locked":false,"application":"Contracts","createDate":788936415,"modifyDate":"","createUser":"admin","modifyUser":"","id":"9ff05ba8-f570-4de2-bfd7-1605fc5f8d2b"},{"name":"vinputExpirationBucket","expression":30,"notes":"Selection Criteria tab","description":"Input box for use to enter a bucket value for the Days until Expiration listbox.This will define the range for the Days Until Expiration Listbox.","group":"InputBox","locked":false,"application":"Contracts","createDate":788936416,"modifyDate":"","createUser":"admin","modifyUser":"","id":"6c8da624-b2d3-4bc1-8746-1eb4c14464c5"},{"name":"vShowTotals","expression":0,"notes":"","description":"Not used yet.  For customer use if needed.","group":"Report-Variables","locked":false,"application":"Contracts","createDate":788936417,"modifyDate":"","createUser":"admin","modifyUser":"","id":"8232c0c3-1595-430e-b8b9-15f3becab202"},{"name":"vGaugeFillToSegment1","expression":"RGB(110,175,75)","notes":"Gauges","description":"First segment of Gauge from Zero to Lower bound of Segment2.","group":"System-Colors","locked":false,"application":"Contracts","createDate":788936418,"modifyDate":"","createUser":"admin","modifyUser":"","id":"16fc693d-05e6-4659-9726-2ece8a34dbb1"},{"name":"vGaugeFillToSegment2","expression":"RGB(191,191,191)","notes":"Gauges","description":"Second segment of Gauge from Lower bound of Segment2 to end.","group":"System-Colors","locked":false,"application":"Contracts","createDate":788936419,"modifyDate":"","createUser":"admin","modifyUser":"","id":"625d6331-9e2f-4b76-9751-f2103bb0a6c4"},{"name":"vGaugeFillToOverSegment","expression":"RGB(80,130,50)","notes":"Gauges","description":"This is the color of the whole gauge if the expression exceeds the bounds.  If gauge is from 0 to 100 and we have 142, this color would show.","group":"System-Colors","locked":false,"application":"Contracts","createDate":788936420,"modifyDate":"","createUser":"admin","modifyUser":"","id":"7a817d78-a11b-472d-9bfc-b0e88ef3f2d4"},{"name":"vShowHelp","expression":"0","notes":"","description":"","group":"Main","locked":false,"application":"MediaLink","createDate":788936400,"modifyDate":1570806460,"createUser":"admin","modifyUser":"admin","id":"ebf238f8-fac4-492b-9c0c-07cb2fb128f7"},{"name":"vReloadVariables","expression":0,"notes":"Main tab","description":"","group":"Main","locked":false,"application":"MediaLink","createDate":788936400,"modifyDate":"","createUser":"admin","modifyUser":"","id":"6e67bfa9-a27c-433d-8d13-34176fb42a00"},{"name":"vStartYearFormula","expression":"Year(Today()) - 4","notes":"Main tab","description":"","group":"Main","locked":false,"application":"MediaLink","createDate":788936400,"modifyDate":"","createUser":"admin","modifyUser":"","id":"7f53299c-e78d-4bf3-ba81-064a6a99fd9d"},{"name":"vTab","expression":"DateActive","notes":"Selection Criteria tab","description":"Used on Selection Criteria tab to determine which side tab is active.  \nOPTIONS: DateActive, ProductActive, SalesActive or OtherActive","group":"Button Lists","locked":false,"application":"MediaLink","createDate":788936400,"modifyDate":"","createUser":"admin","modifyUser":"","id":"2a842891-b6f2-46a2-8aff-d313d3c974cd"},{"name":"vShowHelp","expression":" ","notes":"Determines which help dialog to show","description":"","group":"Main","locked":false,"application":"QVD_ALL","createDate":788936400,"modifyDate":"","createUser":"admin","modifyUser":"","id":"540f6264-c451-4db4-88cd-5c20502cf9f1"},{"name":"vReloadVariables","expression":0,"notes":"Main tab","description":"","group":"Main","locked":false,"application":"QVD_ALL","createDate":788936401,"modifyDate":"","createUser":"admin","modifyUser":"","id":"e254be7d-f280-40e2-ad45-448776ab3673"},{"name":"vShowDefaultsTab","expression":0,"notes":"Main tab","description":"","group":"Main","locked":false,"application":"QVD_ALL","createDate":788936402,"modifyDate":"","createUser":"admin","modifyUser":"","id":"7191d695-9f90-4697-b6d8-d685e8079e08"},{"name":"fctAdOrderForceFullReload","expression":"TRUE","notes":"","description":"Forces full reload of fctAdOrder QVD","group":"Main","locked":false,"application":"QVD_ALL","createDate":788936403,"modifyDate":1487347978,"createUser":"admin","modifyUser":"","id":"87bcbbb9-8edb-40b9-b455-fc67f46b91b3"},{"name":"fctAdOrderLoadType","expression":"FULL","notes":"","description":"","group":"Main","locked":false,"application":"QVD_ALL","createDate":788936404,"modifyDate":"","createUser":"admin","modifyUser":"","id":"19b7d451-399c-4687-91ad-0407697702ef"},{"name":"fctArSummaryForceFullReload","expression":"TRUE","notes":"","description":"","group":"Main","locked":false,"application":"QVD_ALL","createDate":788936405,"modifyDate":"","createUser":"admin","modifyUser":"","id":"3fe3ec3a-de56-4eea-b413-40cb336d3e48"},{"name":"fctArSummaryLoadType","expression":"FULL","notes":"","description":"","group":"Main","locked":false,"application":"QVD_ALL","createDate":788936406,"modifyDate":"","createUser":"admin","modifyUser":"","id":"370e84bc-44b7-4486-a32a-32538e523c31"},{"name":"fctArSummaryStartingLoadYear","expression":2008,"notes":"","description":"","group":"Main","locked":false,"application":"QVD_ALL","createDate":788936407,"modifyDate":"","createUser":"admin","modifyUser":"","id":"483f6d4a-b46f-4a84-9e72-8da5e6c35a2a"},{"name":"fctGLForceFullReload","expression":"TRUE","notes":"","description":"","group":"Main","locked":false,"application":"QVD_ALL","createDate":788936408,"modifyDate":"","createUser":"admin","modifyUser":"","id":"b29ab992-4599-454c-9c3c-95925bab9645"},{"name":"fctGLLoadType","expression":"FULL","notes":"","description":"","group":"Main","locked":false,"application":"QVD_ALL","createDate":788936409,"modifyDate":"","createUser":"admin","modifyUser":"","id":"9e7f0b58-f976-43ad-8579-f0e59aaba2cf"},{"name":"fctICDetailForceFullReload","expression":"TRUE","notes":"","description":"","group":"Main","locked":false,"application":"QVD_ALL","createDate":788936410,"modifyDate":"","createUser":"admin","modifyUser":"","id":"4c895889-ce18-4943-b891-a65cd0adb8c6"},{"name":"fctICDetailLoadType","expression":"FULL","notes":"","description":"","group":"Main","locked":false,"application":"QVD_ALL","createDate":788936411,"modifyDate":"","createUser":"admin","modifyUser":"","id":"8d990867-3f3e-411e-af59-352d44d8b88e"},{"name":"fctICSummaryForceFullReload","expression":"TRUE","notes":"","description":"","group":"Main","locked":false,"application":"QVD_ALL","createDate":788936412,"modifyDate":"","createUser":"admin","modifyUser":"","id":"89ea19ec-9bdc-48ed-a3f9-7bc884cc1047"},{"name":"fctICSummaryLoadType","expression":"FULL","notes":"","description":"","group":"Main","locked":false,"application":"QVD_ALL","createDate":788936413,"modifyDate":"","createUser":"admin","modifyUser":"","id":"17d1ca76-04ca-44fb-9e93-9a41b497acba"},{"name":"fctInsertionForceFullReload","expression":"TRUE","notes":"","description":"","group":"Main","locked":false,"application":"QVD_ALL","createDate":788936414,"modifyDate":"","createUser":"admin","modifyUser":"","id":"5f7898b3-b366-48b2-804d-c9a8b1f07b3f"},{"name":"fctInsertionLoadType","expression":"FULL","notes":"","description":"","group":"Main","locked":false,"application":"QVD_ALL","createDate":788936415,"modifyDate":"","createUser":"admin","modifyUser":"","id":"a9477bd2-54fe-4d1d-9eae-0de2c2f8385f"},{"name":"fctInsertionStartingLoadYear","expression":2008,"notes":"","description":"","group":"Main","locked":false,"application":"QVD_ALL","createDate":788936416,"modifyDate":"","createUser":"admin","modifyUser":"","id":"9cdcf288-43f3-4767-b459-bcedc6c7064c"},{"name":"dmDateFiscalYearStartingMonth","expression":1,"notes":"","description":"","group":"Main","locked":false,"application":"QVD_ALL","createDate":788936417,"modifyDate":"","createUser":"admin","modifyUser":"","id":"a7e4ba44-0d59-49cf-89a3-75fc83ad0759"},{"name":"FullReload","expression":"TRUE","notes":"Used in script to set if the reload is a full reload","description":"","group":"Main","locked":false,"application":"QVD_ALL","createDate":788936418,"modifyDate":"","createUser":"admin","modifyUser":"","id":"0b87c533-efe5-44a3-8e98-2e26148b19e2"},{"name":"vIncrementalLoadState","expression":"OFF","notes":"Used in macro to set ForceFullReload variables","description":"","group":"Main","locked":false,"application":"QVD_ALL","createDate":788936419,"modifyDate":"","createUser":"admin","modifyUser":"","id":"dd5cea87-6b5f-4763-af3e-bcb5d9e9092a"},{"name":"fctAdOrderLastReloadTime","expression":" ","notes":"Last time fctAdOrder was reloaded","description":"","group":"Main","locked":false,"application":"QVD_ALL","createDate":788936420,"modifyDate":"","createUser":"admin","modifyUser":"","id":"d728220b-b8a4-4f3c-9d2c-5cdf79d7ea1a"},{"name":"fctArSummaryLastReloadTime","expression":" ","notes":"Last time fctARSummary was reloaded","description":"","group":"Main","locked":false,"application":"QVD_ALL","createDate":788936421,"modifyDate":"","createUser":"admin","modifyUser":"","id":"e269f539-8743-4c6d-bd84-12f80b100578"},{"name":"fctGLLastReloadTime","expression":" ","notes":"Last time fctGL was reloaded","description":"","group":"Main","locked":false,"application":"QVD_ALL","createDate":788936422,"modifyDate":"","createUser":"admin","modifyUser":"","id":"4fd7e41e-394c-4965-a12a-1bb646f1d9e9"},{"name":"fctICDetailLastReloadTime","expression":" ","notes":"Last time fctInsertChargeDetail was reloaded","description":"","group":"Main","locked":false,"application":"QVD_ALL","createDate":788936423,"modifyDate":"","createUser":"admin","modifyUser":"","id":"36d05266-fb77-4519-a451-610843030c06"},{"name":"fctICSummaryLastReloadTime","expression":" ","notes":"Last time fctInsertChargeSummary was reloaded","description":"","group":"Main","locked":false,"application":"QVD_ALL","createDate":788936424,"modifyDate":"","createUser":"admin","modifyUser":"","id":"130b3849-291f-4f1f-b49f-d8affee90d38"},{"name":"fctInsertionLastReloadTime","expression":" ","notes":"Last time fctInsertion was reloaded","description":"","group":"Main","locked":false,"application":"QVD_ALL","createDate":788936425,"modifyDate":"","createUser":"admin","modifyUser":"","id":"c423f838-3e52-4290-87bf-6e2813138ace"},{"name":"vUseAccountPeriods","expression":0,"notes":"dmDate tab","description":"","group":"Main","locked":false,"application":"QVD_ALL","createDate":788936426,"modifyDate":"","createUser":"admin","modifyUser":"","id":"19defbc0-94a6-4fa2-9a6e-ac86abada536"},{"name":"vGLRepFromAdOrder","expression":0,"notes":"CombinedRevenue tab","description":"","group":"Main","locked":false,"application":"QVD_ALL","createDate":788936427,"modifyDate":"","createUser":"admin","modifyUser":"","id":"a2a2bff9-f419-4a7a-b102-d18c6fb37ee2"},{"name":"vLoadFieldedData","expression":0,"notes":"Fielded Data tab","description":"","group":"Main","locked":false,"application":"QVD_ALL","createDate":788936428,"modifyDate":"","createUser":"admin","modifyUser":"","id":"4e096c9b-2ef3-4189-9c88-650209af7672"},{"name":"vFieldedDataDisplay","expression":" ","notes":"Fielded Data tab","description":"","group":"Main","locked":false,"application":"QVD_ALL","createDate":788936429,"modifyDate":"","createUser":"admin","modifyUser":"","id":"6d743725-116f-4320-a888-5b4dbebf56d4"},{"name":"vTruncFieldedData","expression":0,"notes":"Fielded Data tab","description":"","group":"Main","locked":false,"application":"QVD_ALL","createDate":788936430,"modifyDate":"","createUser":"admin","modifyUser":"","id":"7d89de6d-60ee-40e0-9b8b-94bdf8d93311"},{"name":"vParentAsChild","expression":1,"notes":"ClientRelationship tab","description":"","group":"Main","locked":false,"application":"QVD_ALL","createDate":788936431,"modifyDate":"","createUser":"admin","modifyUser":"","id":"a43c56d0-7f1b-49a5-a55e-b8bd5a97d6df"},{"name":"vNonParentAsParent","expression":1,"notes":"ClientRelationship tab","description":"","group":"Main","locked":false,"application":"QVD_ALL","createDate":788936432,"modifyDate":"","createUser":"admin","modifyUser":"","id":"89b86fe4-27e3-46a5-9cb5-56375c65a293"},{"name":"vGrandparentAsChild","expression":0,"notes":"ClientRelationship tab","description":"","group":"Main","locked":false,"application":"QVD_ALL","createDate":788936433,"modifyDate":"","createUser":"admin","modifyUser":"","id":"939c1131-a865-45b7-b95c-808adaef9bc7"},{"name":"vSC_date_CalendarYearField","expression":"=IF(vSC_DateType='INSERT', 'Insert_CalendarYear' ,  \n IF(vSC_DateType='POSTING',  'Posting_CalendarYear', 'Create_CalendarYear'))","notes":"Selection Criteria Tab","description":"This variable will be used in the CalendarYear list box and will change the field based on the value in the vSC_DateType field","group":"Dynamic Date Selection","locked":false,"application":"SalesFlash","createDate":788936400,"createUser":"admin","modifyUser":"admin","id":"f5015945-41bc-4bb3-8e6f-c64b67b0e3f6","modifyDate":1572902047},{"name":"vSC_date_FiscalYearField","expression":"=IF(vSC_DateType='INSERT', 'Insert_FiscalYear' ,  \n IF(vSC_DateType='POSTING',  'Posting_FiscalYear', 'Create_FiscalYear'))","notes":"Selection Criteria Tab","description":"This variable will be used in the Fiscal Year list box and will change the field based on the value in the vSC_DateType field>Test","group":"Dynamic Date Selection","locked":true,"application":"SalesFlash","createDate":788936400,"modifyDate":1571069517,"createUser":"admin","modifyUser":"admin","id":"56f48412-2bff-42df-84fe-2f9987233c09"},{"name":"vSC_date_QuarterField","expression":"=IF(vSC_DateType='INSERT', 'Insert_QuarterCalendarText' ,  \n IF(vSC_DateType='POSTING',  'Posting_QuarterCalendarText', 'Create_QuarterCalendarText'))","notes":"Selection Criteria Tab","description":"This variable will be used in the Quarter list box and will change the field based on the value in the vSC_DateType field","group":"Dynamic Date Selection","locked":true,"application":"SalesFlash","createDate":788936400,"modifyDate":"","createUser":"admin","modifyUser":"","id":"0a8a8e1e-b79f-4852-b46e-0cb2d2a98832"},{"name":"vSC_date_PeriodField","expression":"=IF(vSC_DateType='INSERT', 'Insert_PeriodOfYearNumber' ,  \n IF(vSC_DateType='POSTING',  'Posting_PeriodOfYearNumber', 'Create_PeriodOfYearNumber'))","notes":"Selection Criteria Tab","description":"This variable will be used in the Period list box and will change the field based on the value in the vSC_DateType field","group":"Dynamic Date Selection","locked":true,"application":"SalesFlash","createDate":788936400,"modifyDate":"","createUser":"admin","modifyUser":"","id":"0d05e918-80dd-47a3-bfd8-3db64ad2ada8"},{"name":"vSC_date_MonthField","expression":"=IF(vSC_DateType='INSERT', 'Insert_Month' ,  \n IF(vSC_DateType='POSTING',  'Posting_Month', 'Create_Month'))\n","notes":"Selection Criteria Tab","description":"This variable will be used in the Month list box and will change the field based on the value in the vSC_DateType field","group":"Dynamic Date Selection","locked":true,"application":"SalesFlash","createDate":788936400,"modifyDate":"","createUser":"admin","modifyUser":"","id":"3fb9d2bb-fa49-4edf-a0d6-a14ca734e691"},{"name":"vSC_date_DayOfMonthField","expression":"=IF(vSC_DateType='INSERT', 'Insert_DayOfMonth' ,  \n IF(vSC_DateType='POSTING',  'Posting_DayOfMonth', 'Create_DayOfMonth'))","notes":"Selection Criteria Tab","description":"This variable will be used in the Day of Month list box and will change the field based on the value in the vSC_DateType field","group":"Dynamic Date Selection","locked":true,"application":"SalesFlash","createDate":788936400,"modifyDate":"","createUser":"admin","modifyUser":"","id":"37ba9ea7-7603-4596-972f-0426e2513bbf"},{"name":"vSC_date_CalendarDateField","expression":"=IF(vSC_DateType='INSERT', 'InsertCalendarDate' ,  \n IF(vSC_DateType='POSTING',  'PostingCalendarDate', 'CreateCalendarDate'))","notes":"Selection Criteria Tab","description":"This variable will be used in the CalendarDate list box and will change the field based on the value in the vSC_DateType field","group":"Dynamic Date Selection","locked":true,"application":"SalesFlash","createDate":788936400,"modifyDate":"","createUser":"admin","modifyUser":"","id":"658e8c8c-e1df-4baf-b6e0-ba7f40701593"},{"name":"vSC_date_WeekField","expression":"=IF(vSC_DateType='INSERT', 'Insert_WeekOfYear' ,  \n IF(vSC_DateType='POSTING',  'Posting_WeekOfYear', 'Create_WeekOfYear'))","notes":"Selection Criteria Tab","description":"This variable will be used in the Week list box and will change the field based on the value in the vSC_DateType field","group":"Dynamic Date Selection","locked":true,"application":"SalesFlash","createDate":788936400,"modifyDate":"","createUser":"admin","modifyUser":"","id":"526e012b-78f6-4afc-9b46-1dc3465c0fe9"},{"name":"vSC_date_DayOfWeekField","expression":"=IF(vSC_DateType='INSERT', 'Insert_DayOfWeekText' ,  \n IF(vSC_DateType='POSTING',  'Posting_DayOfWeekText', 'Create_DayOfWeekText'))","notes":"Selection Criteria Tab","description":"This variable will be used in the Day of Week list box and will change the field based on the value in the vSC_DateType field","group":"Dynamic Date Selection","locked":true,"application":"SalesFlash","createDate":788936400,"modifyDate":"","createUser":"admin","modifyUser":"","id":"6c46136e-dfc2-45ca-a9e7-04093cba705a"},{"name":"vSC_date_HolidayField","expression":"=IF(vSC_DateType='INSERT', 'Insert_HolidayName' ,  \n IF(vSC_DateType='POSTING',  'Posting_HolidayName', 'Create_HolidayName'))","notes":"Selection Criteria Tab","description":"This variable will be used in the Holiday list box and will change the field based on the value in the vSC_DateType field","group":"Dynamic Date Selection","locked":true,"application":"SalesFlash","createDate":788936400,"modifyDate":"","createUser":"admin","modifyUser":"","id":"a889a453-ad7d-4b4c-9d57-d11fce317c1a"},{"name":"vSC_date_FLAG_YTD","expression":"=IF(vSC_DateType='INSERT', 'Insert_FLAG_YTD' ,  \n IF(vSC_DateType='POSTING',  'Posting_FLAG_YTD', 'Create_FLAG_YTD'))\n","notes":"Selection Criteria Tab","description":"This variable will be used to allow users to set the YTD flag for the values in the vSC_DateType field","group":"Dynamic Date Selection","locked":true,"application":"SalesFlash","createDate":788936400,"modifyDate":"","createUser":"admin","modifyUser":"","id":"dce5a14f-86ae-418e-ad16-cb5e21c6bbef"},{"name":"mod_CY","expression":"$(=$(vFiscalOrCalendarYear)) = {$(=$(SelectYear))}","notes":"Additional information if needed.","description":"Formula Modifier for Current Year based on the SelectYear variable and taking into account whether user has selected Fiscal Or Calendar Year\nThis variable will be used in the Formulas spreadsheet to modify existing formulas/expression.","group":"Formula Modifiers","locked":true,"application":"SalesFlash","createDate":788936400,"modifyDate":1569609949,"createUser":"admin","modifyUser":"admin","id":"088ac143-3427-4414-b731-64bee0035786"},{"name":"mod_PY","expression":"$(=$(vFiscalOrCalendarYear)) = {$(=$(SelectYear)-1)}","notes":"","description":"Formula Modifier for Previous Year based on the SelectYear variable and taking into account whether user has selected Fiscal Or Calendar Year\nThis variable will be used in the Formulas spreadsheet to modify existing formulas/expression.","group":"Formula Modifiers","locked":true,"application":"SalesFlash","createDate":788936400,"modifyDate":"","createUser":"admin","modifyUser":"","id":"65bf7be7-d922-40a4-b844-b7e585f33d19"},{"name":"mod_YTD","expression":"$(=Capitalize('$(vSC_DateType)') & '_FLAG_YTD')={TRUE}","notes":"","description":"Formula Modifier for YTD flag.  Will only return transactions that have the YTD flag set to TRUE.  It will take into account the type of date being used by the user (Insert, Posting or Create)","group":"Formula Modifiers","locked":true,"application":"SalesFlash","createDate":788936400,"modifyDate":"","createUser":"admin","modifyUser":"","id":"85690ed2-769e-42af-bf48-943b2bb03ad8"},{"name":"mod_Prev_YTD","expression":"$(=Capitalize('$(vSC_DateType)') & '_FLAG_PreviousYTD')={TRUE}","notes":"","description":"Formula Modifier for the Previous YTD flag.  Will only return transactions that have the Previous YTD flag set to TRUE.  It will take into account the type of date being used by the user (Insert, Posting or Create)","group":"Formula Modifiers","locked":true,"application":"SalesFlash","createDate":788936400,"modifyDate":1569613765,"createUser":"admin","modifyUser":"admin","id":"16aa9e68-f399-4eab-85ba-28fd7fcd6b87"},{"name":"vinputAccrualStartDate","expression":"=Date(CURRENT_PeriodStartDate)","notes":"Finance tab->Accrual/Deferral button","description":"Defines the beginning date for the report","group":"Report-Variables","locked":true,"application":"SalesFlash","createDate":788936400,"modifyDate":"","createUser":"admin","modifyUser":"","id":"63d183e0-747c-4ba9-b369-9521d33b44fc"},{"name":"vinputAccrualEndDate1","expression":"=Date(CURRENT_PeriodEndDate)","notes":"Finance tab->Accrual/Deferral button","description":"Defines the ending date for the report","group":"Report-Variables","locked":true,"application":"SalesFlash","createDate":788936400,"modifyDate":1574790781,"createUser":"admin","modifyUser":"admin","id":"bf94ed29-e145-4f48-822a-41e8c5d93de4"},{"name":"vandProd_ProductSet","expression":"='SUM({<$(vAndProd_ProductSetAcctOrAdOrder)=' & Concat(Distinct {$} '{\"=COUNT({<ProductName={' & chr(39) & ProductName, chr(39) & '}>} AccountNumber_AdBase)>0\"}*')\n  & chr(39) & '}>} $(vAndProd_ProductSetAcctOrAdOrder))>0\"}$(vAndProd_ProductClear)>} $(NetRevenue))'","notes":"","description":"","group":"Report-Variables","locked":true,"application":"SalesFlash","createDate":788936400,"modifyDate":"","createUser":"admin","modifyUser":"","id":"626f2280-5818-4950-b750-03a52eee21de"},{"name":"vAndProd_ShowExpression","expression":"=IF(vAndProd_ShowExpression=1,0,1)","notes":"","description":"","group":"Report-Variables","locked":true,"application":"SalesFlash","createDate":788936400,"modifyDate":"","createUser":"admin","modifyUser":"","id":"e2491e51-45e3-40ab-a921-0a8291a6b27f"},{"name":"vAndProd_ShowHelp","expression":"=IF(vShowHelp='ANDHelp', '', 'ANDHelp')","notes":"","description":"","group":"Report-Variables","locked":true,"application":"SalesFlash","createDate":788936400,"modifyDate":"","createUser":"admin","modifyUser":"","id":"701fb27b-a1a6-4649-b8f1-d9b682cfd0e6"},{"name":"vAndProd_ProductSetAcctOrAdOrder","expression":"AccountNumber_AdBase","notes":"","description":"","group":"Report-Variables","locked":true,"application":"SalesFlash","createDate":788936400,"modifyDate":"","createUser":"admin","modifyUser":"","id":"efaaca2e-066e-4557-a598-91f63d7f0963"},{"name":"vAndProd_ProductClear","expression":"=null()","notes":"","description":"","group":"Report-Variables","locked":true,"application":"SalesFlash","createDate":788936400,"modifyDate":"","createUser":"admin","modifyUser":"","id":"7e2af2ca-9109-48d3-be19-42882acfa499"},{"name":"vChurnPrevYear","expression":"IF(IsNull(AGGR(SUM({$<$(=$(vFiscalOrCalendarYear))={$(=$(SelectYear)-1)}>} $(NetRevenue)), AccountNumber_AdBase)),0,AGGR(SUM({$<$(=$(vFiscalOrCalendarYear))={$(=$(SelectYear)-1)}>} $(NetRevenue)), AccountNumber_AdBase))","notes":"Advertising tab -> Churn","description":"AGGR function that returns revenue for customers in Previous Year","group":"Report-Variables","locked":true,"application":"SalesFlash","createDate":788936400,"modifyDate":"","createUser":"admin","modifyUser":"","id":"5eb2236d-0beb-4597-a36e-8acb6fe3467e"},{"name":"vChurnCurrYear","expression":"IF(IsNull(AGGR(SUM({$<$(=$(vFiscalOrCalendarYear))={$(SelectYear)}>} $(NetRevenue)), AccountNumber_AdBase)),0,AGGR(SUM({$<$(=$(vFiscalOrCalendarYear))={$(SelectYear)}>} $(NetRevenue)), AccountNumber_AdBase))","notes":"Advertising tab -> Churn","description":"AGGR function that returns revenue for customers in Current Year","group":"Report-Variables","locked":true,"application":"SalesFlash","createDate":788936400,"modifyDate":"","createUser":"admin","modifyUser":"","id":"09c224a0-5414-43b0-9631-ff610a59c013"},{"name":"vChurnType","expression":"YOY","notes":"Advertising tab -> Churn","description":"If MONTH, then show Churn by Month chart; if YOY, show YOY Churn","group":"Report-Variables","locked":true,"application":"SalesFlash","createDate":788936400,"modifyDate":"","createUser":"admin","modifyUser":"","id":"08d95f0c-dccf-4dba-b5f7-4916d6e4b5ed"},{"name":"vChurnDynCurrMonth","expression":"IF(IsNull(AGGR(SUM({$<$(=$(vChurnDynMonthField))={$(=NUM(Mid('$(SelectMonthYear)',5,2)))},$(=$(vFiscalOrCalendarYear))={$(=Mid('$(SelectMonthYear)',1,4))}>} $(NetRevenue)), AccountNumber_AdBase)),\n 0,\n  AGGR(SUM({$<$(=$(vChurnDynMonthField))={$(=NUM(Mid('$(SelectMonthYear)',5,2)))},$(=$(vFiscalOrCalendarYear))={$(=Mid('$(SelectMonthYear)',1,4))}>} $(NetRevenue)), AccountNumber_AdBase))","notes":"","description":"Used for Monthly Churn calculations (this is the current Month formula)","group":"Report-Variables","locked":true,"application":"SalesFlash","createDate":788936400,"modifyDate":"","createUser":"admin","modifyUser":"","id":"1654ecfe-02f5-452f-8287-d76b7056c4e7"},{"name":"vChurnDynPrevMonth","expression":"IF(IsNull(AGGR(SUM({$<$(=$(vChurnDynMonthField))={$(=NUM(Mid('$(SelectMonthYearPrev)',5,2)))},$(=$(vFiscalOrCalendarYear))={$(=Mid('$(SelectMonthYearPrev)',1,4))}>} $(NetRevenue)), AccountNumber_AdBase)),\n 0,\n  AGGR(SUM({$<$(=$(vChurnDynMonthField))={$(=NUM(Mid('$(SelectMonthYearPrev)',5,2)))},$(=$(vFiscalOrCalendarYear))={$(=Mid('$(SelectMonthYearPrev)',1,4))}>} $(NetRevenue)), AccountNumber_AdBase))","notes":"Advertising tab -> Churn (Monthly Churn)","description":"Used for Monthly Churn calculations (this is the previous Month formula)","group":"Report-Variables","locked":true,"application":"SalesFlash","createDate":788936400,"modifyDate":"","createUser":"admin","modifyUser":"","id":"1cb1828b-7d46-464b-885a-98eaa50fc5ce"},{"name":"vChurnDynMonthField","expression":"Capitalize('$(vSC_DateType)') & '_MonthOfYearNumber'","notes":"Advertising tab -> Churn (Monthly Churn)","description":"Dynamic field for the Month field in the monthly churn chart","group":"Report-Variables","locked":true,"application":"SalesFlash","createDate":788936400,"modifyDate":"","createUser":"admin","modifyUser":"","id":"e39415b2-80f1-40f2-b25b-ff35b9b08032"},{"name":"vShowTotals","expression":0,"notes":"","description":"Flag to be used when using code to show and hide totals in a pivot table.  In base version this is only in the Preprint report on the Advertising tab as an example.","group":"Report-Variables","locked":true,"application":"SalesFlash","createDate":788936400,"modifyDate":"","createUser":"admin","modifyUser":"","id":"24bdba51-6391-4cff-a593-6710686005cc"},{"name":"vsysCurrentSelections","expression":"=if(vsysShowCS = 1, '  Click Here To Hide', if(isnull(GetCurrentSelections()), '  Nothing selected', GetCurrentSelections(' | ', ': ', ',',0)))","notes":"","description":"Used in the DisplayCurrent Selections boxes.","group":"System-CurrentSelections","locked":true,"application":"SalesFlash","createDate":788936400,"modifyDate":"","createUser":"admin","modifyUser":"","id":"867eca34-b727-4bb0-8b59-e72ca547d6b2"},{"name":"vsysShowCS","expression":0,"notes":"","description":"Flag to determine if we should show or hide a current selections object","group":"System-CurrentSelections","locked":true,"application":"SalesFlash","createDate":788936400,"modifyDate":1569937894,"createUser":"admin","modifyUser":"admin","id":"d3567178-bbf6-470b-9f0a-59e5d832bd03"},{"name":"vsysFormulaCreatorTemp","expression":"…","notes":"","description":"A variable that will hold the formula being created by Formula Creator.","group":"System-FormulaCreator","locked":true,"application":"SalesFlash","createDate":788936400,"modifyDate":"","createUser":"admin","modifyUser":"","id":"e29d8cd6-389e-40df-93ee-e1ddca674131"},{"name":"vLoadOldAcctNums","expression":"0","notes":"Main tab","description":"Flag to determine if we should load old accountnumbers","group":"System-Load Switches","locked":false,"application":"SalesFlash","createDate":788936400,"modifyDate":1557930016,"createUser":"admin","modifyUser":"user","id":"919a0712-788c-4366-a7da-4885416d2451"},{"name":"vReloadVariables","expression":0,"notes":"Main tab","description":"Used in SOURCE_ to determine if this spreadsheet should be reloaded.  Turned on and off in the application NOT here.","group":"System-Load Switches","locked":true,"application":"SalesFlash","createDate":788936400,"modifyDate":"","createUser":"admin","modifyUser":"","id":"4947d880-0036-462f-b46f-b27852a66876"},{"name":"vLoadCRM","expression":0,"notes":"Main tab","description":"Used in SOURCE_ to determine if CRM data will be loaded.  Turned on and off in the application NOT here.","group":"System-Load Switches","locked":true,"application":"SalesFlash","createDate":788936400,"modifyDate":"","createUser":"admin","modifyUser":"","id":"64d05d10-391d-43f1-a440-606fb283a32a"},{"name":"vLoadPRPSchedule","expression":0,"notes":"Main tab","description":"Used in SOURCE_ to determine if Preprint schedule information from Core will be loaded.  Turned on and off in the application NOT here.","group":"System-Load Switches","locked":true,"application":"SalesFlash","createDate":788936400,"modifyDate":"","createUser":"admin","modifyUser":"","id":"9d05b749-5087-4b26-8e78-62f4db8d1460"},{"name":"vLoadBudget","expression":0,"notes":"Main tab","description":"Used in SOURCE_ to determine if Budget spreadsheet information will be loaded.  Turned on and off in the application NOT here.","group":"System-Load Switches","locked":true,"application":"SalesFlash","createDate":788936400,"modifyDate":"","createUser":"admin","modifyUser":"","id":"c05c5c6d-c985-44c9-aada-35f94e795672"},{"name":"vLoadCustomScripts","expression":0,"notes":"Main tab","description":"Used in SOURCE_ to determine if Custom Scripts should be loaded.  If true, Source file will look in CustomScripts\\SalesFlash\\*.qvs","group":"System-Load Switches","locked":true,"application":"SalesFlash","createDate":788936400,"modifyDate":"","createUser":"admin","modifyUser":"","id":"d03b453e-fab0-4034-8906-900f5ddf91de"},{"name":"vExcludeGLs","expression":"0","notes":"Main tab","description":"Used in SOURCE_ to determine if ExcludeGLs information should be read and processed from the SystemSheet.xls -> GLExcludeList","group":"System-Load Switches","locked":false,"application":"SalesFlash","createDate":788936400,"modifyDate":1487701628,"createUser":"admin","modifyUser":"admin","id":"701c9762-f6d2-4113-b880-5c64a15bcc8b"},{"name":"vLoadAdvRevenue","expression":0,"notes":"Main tab","description":"Used in SOURCE_ to determine if we are to load revenue from the fctInsertSummary and Detail tables. Can increase load times significantly","group":"System-Load Switches","locked":true,"application":"SalesFlash","createDate":788936400,"modifyDate":"","createUser":"admin","modifyUser":"","id":"9bea5583-fe19-4e1b-a2d5-fc57f16b12f3"},{"name":"vShowHelp","expression":" ","notes":"","description":"Used to show and hide help text boxes.","group":"System-Variables","locked":true,"application":"SalesFlash","createDate":788936400,"modifyDate":"","createUser":"admin","modifyUser":"","id":"ba373daa-2ce4-4d2f-9bfb-c5a8924bb855"},{"name":"vsysButtonColorOn","expression":"ARGB(100,209,239,180)","notes":"","description":"On sheets with a button bar down the side, this will be the color of the button selected.","group":"System-Variables","locked":true,"application":"SalesFlash","createDate":788936400,"modifyDate":"","createUser":"admin","modifyUser":"","id":"9063f24d-dffb-455a-a173-ab87ae6e3711"},{"name":"vsysButtonColorOff","expression":"ARGB(255,255,255,255)","notes":"","description":"On sheets with a button bar down the side, this will be the color of the buttons NOT selected.","group":"System-Variables","locked":true,"application":"SalesFlash","createDate":788936400,"modifyDate":"","createUser":"admin","modifyUser":"","id":"238c88b9-8d77-4a44-9bae-c2f9c305c462"},{"name":"vLastActivityDate","expression":"DATE(AGGR(MAX({1} InsertCalendarDate),AccountNumber_AdBase))","notes":"Advertising tab -> Inactive customers","description":"Return the most recent (could even be in the future depending on expression) insertion date for every customer.  \nThis expression will return the last insert date for customers and could be in the future:\n=DATE(AGGR(MAX({1} InsertCalendarDate),AccountNumber_AdBase))\nYou can also limit the dates that the expression looks for the last insertion.  The expression below will search for the last insert date before one month ago Today.\n=DATE(AGGR(MAX({1} InsertCalendarDate),AccountNumber_AdBase))","group":"System-Variables","locked":true,"application":"SalesFlash","createDate":788936400,"modifyDate":"","createUser":"admin","modifyUser":"","id":"41eae623-6b37-4d4a-8931-de4ad45d3408"},{"name":"vOSUser","expression":"=OSUser()","notes":"","description":"User logged into the application.","group":"System-Variables","locked":true,"application":"SalesFlash","createDate":788936400,"modifyDate":1572293771,"createUser":"admin","modifyUser":"admin","id":"c5a85e70-f9d5-4e42-9bca-eeb6e2b1d345"},{"name":"SelectYear","expression":"=[YearComparison%]","notes":"","description":"Used for Year over Year caclulations","group":"System-Variables","locked":true,"application":"SalesFlash","createDate":788936400,"modifyDate":"","createUser":"admin","modifyUser":"","id":"55ca408f-b9c5-4c53-9541-d1c97bcb2443"},{"name":"vFiscalOrCalendarYear","expression":"Capitalize('$(vSC_DateType)') & '_CalendarYear'","notes":"","description":"Allows the user to do YOY comparisons based on the Fiscal or Calendar Year.  Will be either Posting_CalendarYear or Insert_CalendarYear.\nSample Dimension Usage:\n=$(=$(vFiscalOrCalendarYear))\nSample Expression Usage:\nSUM( {<$(=$(vFiscalOrCalendarYear)) = {$(=$(SelectYear))}>} $(NetRevenue))","group":"System-Variables","locked":true,"application":"SalesFlash","createDate":788936400,"modifyDate":"","createUser":"admin","modifyUser":"","id":"a97e8234-440c-48f1-b063-c66e1b1d0d9d"},{"name":"vFiscalOrCalendarYearLabel","expression":"Calendar","notes":"","description":"Label for the List boxes, Dimensions and Expressions that use the Dynamic Year and month/period fields","group":"System-Variables","locked":true,"application":"SalesFlash","createDate":788936400,"modifyDate":"","createUser":"admin","modifyUser":"","id":"eeb86a2e-8209-4886-972d-5f55cc780b7e"},{"name":"vFiscalOrCalendarMonthPeriod","expression":"Capitalize('$(vSC_DateType)') & '_Month'","notes":"","description":"Dynamic field that can be used in Dimensions.  This will allow the user to select whether they see Insert/posting/create and Calendar(month) or Fiscal(period).\n=$(=$(vFiscalOrCalendarMonthPeriod))","group":"System-Variables","locked":true,"application":"SalesFlash","createDate":788936400,"modifyDate":"","createUser":"admin","modifyUser":"","id":"295054e4-daa5-4209-bef1-02171fc24ca0"},{"name":"vFiscalOrCalendarMonthPeriodLabel","expression":"Month","notes":"","description":"Label to be used for the charts that use this Dynamic Dimension","group":"System-Variables","locked":true,"application":"SalesFlash","createDate":788936400,"modifyDate":"","createUser":"admin","modifyUser":"","id":"900dcfad-f26f-4630-9aa4-821030631a23"},{"name":"vFiscalOrCalendarPrevYTD","expression":"","notes":"","description":"Sets the YTD Flag based on the Date settings - Controlled by YTDSwitch Macro\nCapitalize('$(vSC_DateType)') & '_FLAG_PreviousYTD'","group":"System-Variables","locked":true,"application":"SalesFlash","createDate":788936400,"modifyDate":"","createUser":"admin","modifyUser":"","id":"35b4a7f3-4543-4a95-8cbc-0118138a1ca8"},{"name":"vFiscalOrCalendarYTD","expression":"","notes":"","description":"Sets the YTD Flag based on the Date settings - Controlled by YTDSwitch Macro\nCapitalize('$(vSC_DateType)') & '_FLAG_YTD'","group":"System-Variables","locked":true,"application":"SalesFlash","createDate":788936400,"modifyDate":"","createUser":"admin","modifyUser":"","id":"169a7803-6e5a-4ac3-af92-581595843037"},{"name":"vsysShowAdvancedSheets","expression":0,"notes":"","description":"When true, shows the Formulas, Formula Creator and Tables and Fields sheets.","group":"System-Variables","locked":true,"application":"SalesFlash","createDate":788936400,"modifyDate":"","createUser":"admin","modifyUser":"","id":"153b8eda-4604-40ec-96a2-6114223e5c8f"},{"name":"vbtnsFinance","expression":1,"notes":"Finance Tab","description":"Controls which reports are showing on the Finance sheet","group":"Button Lists","locked":false,"application":"SalesFlash","createDate":788936400,"modifyDate":"","createUser":"admin","modifyUser":"","id":"53bb2a93-1014-4b29-aa28-af3e30e676b7"},{"name":"vbtnsAdvertising","expression":1,"notes":"Advertising Tab","description":"Controls which reports are showing on the Advertising sheet","group":"Button Lists","locked":false,"application":"SalesFlash","createDate":788936400,"modifyDate":"","createUser":"admin","modifyUser":"","id":"65b9aec3-444a-42bd-a37e-01505ae48ba1"},{"name":"vbtnsReference","expression":1,"notes":"Reference Tab","description":"Controls which reports are showing on the Reference sheet","group":"Button Lists","locked":false,"application":"SalesFlash","createDate":788936400,"modifyDate":"","createUser":"admin","modifyUser":"","id":"aa1859bb-1a95-48f7-a139-6cdbd5d2ec15"},{"name":"vbtnsCRM","expression":1,"notes":"CRM Tab","description":"Controls which reports are showing on the CRM sheet","group":"Button Lists","locked":false,"application":"SalesFlash","createDate":788936400,"modifyDate":"","createUser":"admin","modifyUser":"","id":"43333765-2995-4bab-b680-db5636799863"},{"name":"vTab","expression":"DateActive","notes":"Selection Criteria tab","description":"Used on Selection Criteria tab to determine which side tab is active.  \nOPTIONS: DateActive, ProductActive, SalesActive or OtherActive","group":"Button Lists","locked":false,"application":"SalesFlash","createDate":788936400,"modifyDate":"","createUser":"admin","modifyUser":"","id":"862bb193-cfb7-43c8-938d-14e08cf35dd7"},{"name":"vQSTab","expression":"DateActive","notes":"Quick Select ribbon","description":"Used on all reporting tabs to determine which Quick Selection Ribbon tab is active. \nOPTIONS: DateActive, ProductActive, SalesActive, GLActive or OtherActive","group":"Button Lists","locked":false,"application":"SalesFlash","createDate":788936400,"modifyDate":"","createUser":"admin","modifyUser":"","id":"ccd32048-499d-4abe-b7bd-76fe62eae427"},{"name":"vSC_DateType","expression":"POSTING","notes":"Selection Criteria Tab","description":"Holds either INSERT, POSTING or CREATE.  Used to dynamically change Date List boxes. ","group":"Dynamic Date Selection","locked":false,"application":"SalesFlash","createDate":788936400,"modifyDate":"","createUser":"admin","modifyUser":"","id":"9526c2d0-48ba-4d25-a869-bbb4e7a7b786"},{"name":"vFiscalOrCalendarFlag","expression":0,"notes":"","description":"0=Calendar, 1=Fiscal","group":"Dynamic Date Selection","locked":false,"application":"SalesFlash","createDate":788936400,"modifyDate":"","createUser":"admin","modifyUser":"","id":"9d2b10d1-8c58-4b0e-818a-2659a1466623"},{"name":"vGL_BUCKET_1","expression":"vGL_BUCKET_1","notes":"","description":"The Expression here will be the new field name for use in SalesFlash.qvw","group":"GL Buckets","locked":false,"application":"SalesFlash","createDate":788936400,"modifyDate":1557930660,"createUser":"admin","modifyUser":"user","id":"9be99c9f-89ac-45cb-8eae-158cd7bb57d4"},{"name":"vGL_BUCKET_2","expression":"vGL_BUCKET_2","notes":"","description":"The Expression here will be the new field name for use in SalesFlash.qvw","group":"GL Buckets","locked":false,"application":"SalesFlash","createDate":788936400,"modifyDate":1557930673,"createUser":"admin","modifyUser":"user","id":"6b19c3d2-ae26-420b-9865-a8d5478f2f6e"},{"name":"vGL_BUCKET_3","expression":"vGL_BUCKET_3","notes":"","description":"The Expression here will be the new field name for use in SalesFlash.qvw - You do NOT need to fill in all of these","group":"GL Buckets","locked":false,"application":"SalesFlash","createDate":788936400,"modifyDate":"","createUser":"admin","modifyUser":"","id":"833763cf-2b5c-4b54-b21c-1fbd446db600"},{"name":"vGL_BUCKET_4","expression":"vGL_BUCKET_4","notes":"","description":"The Expression here will be the new field name for use in SalesFlash.qvw - You do NOT need to fill in all of these","group":"GL Buckets","locked":false,"application":"SalesFlash","createDate":788936400,"modifyDate":"","createUser":"admin","modifyUser":"","id":"c622ac1d-9815-47d1-845f-88e6ba1f4164"},{"name":"vGL_BUCKET_5","expression":"vGL_BUCKET_5","notes":"","description":"The Expression here will be the new field name for use in SalesFlash.qvw - You do NOT need to fill in all of these","group":"GL Buckets","locked":false,"application":"SalesFlash","createDate":788936400,"modifyDate":"","createUser":"admin","modifyUser":"","id":"0f7375b8-29eb-4802-9ebf-e20ec22100df"},{"name":"vGL_BUCKET_6","expression":"vGL_BUCKET_6","notes":"","description":"The Expression here will be the new field name for use in SalesFlash.qvw - You do NOT need to fill in all of these","group":"GL Buckets","locked":false,"application":"SalesFlash","createDate":788936400,"modifyDate":"","createUser":"admin","modifyUser":"","id":"8c55082d-c184-4b22-8ceb-aef217482029"},{"name":"vinputTopNNN","expression":25,"notes":"Advertising tab -> Winners/Losers button","description":"User entered, number of top/bottom performers to show.","group":"InputBox","locked":false,"application":"SalesFlash","createDate":788936400,"modifyDate":"","createUser":"admin","modifyUser":"","id":"716df822-17df-426e-b435-e900f33b9598"},{"name":"vInactiveDays","expression":30,"notes":"Advertising tab -> Inactive customers","description":"Used along with the vLastActivityDate to determine if a customer should be returned on the \"inactive customer\" report.  This will be the initial number of Inactive Days shown.","group":"InputBox","locked":false,"application":"SalesFlash","createDate":788936400,"modifyDate":"","createUser":"admin","modifyUser":"","id":"6ef6bd9b-38eb-482f-a58a-fd2dca2dc731"},{"name":"vsheet_Finance","expression":1,"notes":"","description":"1 = Show Sheet; 0 = Hide Sheet","group":"Sheet Visability","locked":false,"application":"SalesFlash","createDate":788936400,"modifyDate":"","createUser":"admin","modifyUser":"","id":"f8bb7628-0f66-4f90-bae8-bd80eebc5572"},{"name":"vsheet_Advertising","expression":1,"notes":"","description":"1 = Show Sheet; 0 = Hide Sheet","group":"Sheet Visability","locked":false,"application":"SalesFlash","createDate":788936400,"modifyDate":"","createUser":"admin","modifyUser":"","id":"208f314e-5e0c-40b8-a567-72cb3e4ed430"},{"name":"vsheet_RevCompare","expression":1,"notes":"","description":"1 = Show Sheet; 0 = Hide Sheet","group":"Sheet Visability","locked":false,"application":"SalesFlash","createDate":788936400,"modifyDate":"","createUser":"admin","modifyUser":"","id":"8889d252-2188-404e-91ab-4e6bef62ee82"},{"name":"vsheet_Budget","expression":1,"notes":"","description":"1 = Show Sheet; 0 = Hide Sheet","group":"Sheet Visability","locked":false,"application":"SalesFlash","createDate":788936400,"modifyDate":"","createUser":"admin","modifyUser":"","id":"09d69eac-ce9a-451c-a92b-0453417d7ff8"},{"name":"vShowAdvancedSheets","expression":0,"notes":"Main tab","description":"Shows/hides Reference Charts, Tables & Fields, Formulas, Formula Creator tabs","group":"Sheet Visability","locked":false,"application":"SalesFlash","createDate":788936400,"modifyDate":"","createUser":"admin","modifyUser":"","id":"9235564e-787d-4d9c-8414-7c48421da28e"},{"name":"vDaysInPreviousYear","expression":"Date((Today())-(MakeDate(Year(Today())-1,12,31)-MakeDate(Year(Today())-1,1)))","notes":"","description":"Returns the number of days in the CurrentYear -1 (Previous Year)","group":"Report-Variables","locked":false,"application":"SalesFlash","createDate":788936400,"modifyDate":"","createUser":"admin","modifyUser":"","id":"3c468576-a386-4e2c-bb6d-e9187cdabcd4"},{"name":"vGaugeFillToSegment1","expression":"RGB(110,175,75)","notes":"Gauges","description":"First segment of Gauge from Zero to Lower bound of Segment2.","group":"System-Colors","locked":false,"application":"SalesFlash","createDate":788936400,"modifyDate":"","createUser":"admin","modifyUser":"","id":"66896e41-7410-4c30-9c96-ab677cd9bf9c"},{"name":"vGaugeFillToSegment2","expression":"RGB(191,191,191)","notes":"Gauges","description":"Second segment of Gauge from Lower bound of Segment2 to end.","group":"System-Colors","locked":false,"application":"SalesFlash","createDate":788936400,"modifyDate":"","createUser":"admin","modifyUser":"","id":"49ebd06b-c1ec-40a4-9599-bb201eedba6d"},{"name":"vGaugeFillToOverSegment","expression":"RGB(80,130,50)","notes":"Gauges","description":"This is the color of the whole gauge if the expression exceeds the bounds.  If gauge is from 0 to 100 and we have 142, this color would show.","group":"System-Colors","locked":false,"application":"SalesFlash","createDate":788936400,"modifyDate":1487357961,"createUser":"admin","modifyUser":"user","id":"403989d8-2be5-4140-9e27-089257037d5f"},{"id":"eecd1427-64db-49fc-9a8d-5929d51705f1","application":"MediaLink","name":"AnotherTest","expression":"True","description":"Test Button","notes":"Adding some notes","group":"Button Lists","locked":false,"createDate":1487359323,"modifyDate":1487359393,"createUser":"user","modifyUser":"user"},{"id":"411f125e-27ec-4298-bd68-2c3c2d4adf81","application":"SalesFlash","name":"vGaugeSegmentOrange","expression":"RGB(220,140,35)","description":"Segment will be Orange","notes":"","group":"System-Colors","locked":false,"createDate":1518535459,"modifyDate":"","createUser":"user","modifyUser":""},{"id":"b7092f50-fc97-44bb-b989-a142f89d8939","application":"SalesFlash","name":"vGaugeSegmentRed","expression":"RGB(180,75,75)","description":"Gauge segment Red","notes":"","group":"System-Colors","locked":false,"createDate":1518535499,"modifyDate":"","createUser":"user","modifyUser":""},{"id":"c9b4b0cc-1148-4011-80e0-190634f1a59f","application":"SalesFlash","name":"vGaugeSegmentGreen","expression":"RGB(110,175,75)","description":"Gauge segment will be green","notes":"","group":"System-Colors","locked":false,"createDate":1518535534,"modifyDate":"","createUser":"user","modifyUser":""},{"id":"c8cf66dc-149a-46d0-9404-da5b19807247","application":"ARAnalytix","name":"vDaysPastDue","expression":"=IF(Invoice_Status='Open',\n\tIF(today() - Invoice_DueDate < 0, 'Due in ' & fabs(today() - Invoice_DueDate) & ' Days', today() - Invoice_DueDate & ' Days Past Due')\n ,'Paid')","description":"Text displaying the number of day past the invoice due date","notes":"","group":"Report-Variables","locked":false,"createDate":1520951247,"modifyDate":1520951513,"createUser":"user","modifyUser":"user"},{"id":"431d3fc9-4d35-4657-b117-3243f90b9356","application":"ARAnalytix","name":"vTransactionNumber","expression":"IF(isNull(Invoice_TransactionNumber), PAYCR_TransactionNumber, Invoice_TransactionNumber)","description":"Shows Invoice/Debit/Payment/Credit Transaction number","notes":"","group":"Report-Variables","locked":false,"createDate":1520951280,"modifyDate":"","createUser":"user","modifyUser":""},{"id":"15359f71-f105-484c-a436-f48a190d2ced","application":"SalesFlash","name":"vRevBand1","expression":"0","description":"Revenue Band 1","notes":"","group":"RevBands","locked":false,"createDate":1522179766,"modifyDate":"","createUser":"user","modifyUser":""},{"id":"318bc5d0-8909-49e1-af71-587b9d6fa702","application":"SalesFlash","name":"vRevBand2","expression":"2500","description":"Revenue Band 2","notes":"","group":"RevBands","locked":false,"createDate":1522179796,"modifyDate":1522179908,"createUser":"user","modifyUser":"user"},{"id":"7d539dc7-29b3-4c90-9d1d-3b656b31b94d","application":"SalesFlash","name":"vRevBand3","expression":"5000","description":"Revenue Band 3","notes":"","group":"RevBands","locked":false,"createDate":1522179813,"modifyDate":1522179913,"createUser":"user","modifyUser":"user"},{"id":"831048a2-839a-41a6-9b7b-c4ff6190579b","application":"SalesFlash","name":"vRevBand4","expression":"10000","description":"Revenue Band 4","notes":"","group":"RevBands","locked":false,"createDate":1522179830,"modifyDate":1522179919,"createUser":"user","modifyUser":"user"},{"id":"3c077d1e-236e-4100-b078-ef939c6af69d","application":"SalesFlash","name":"vRevBand5","expression":"20000","description":"Revenue Band 5","notes":"","group":"RevBands","locked":false,"createDate":1522179853,"modifyDate":1522179925,"createUser":"user","modifyUser":"user"},{"id":"b5d1d579-c015-43b0-a976-99d4fdaa67f3","application":"SalesFlash","name":"vRevBand6","expression":"40000","description":"Revenue Band 6","notes":"","group":"RevBands","locked":false,"createDate":1522179870,"modifyDate":1522179931,"createUser":"user","modifyUser":"user"},{"id":"6b700246-8fa8-4778-a2e0-7e50a8346b23","application":"SalesFlash","name":"vRevBand7","expression":"100000","description":"Revenue Band 7","notes":"","group":"RevBands","locked":false,"createDate":1522179890,"modifyDate":1522179937,"createUser":"user","modifyUser":"user"},{"id":"15359f71-f105-484c-a436-f48a190d2","application":"SalesFlash","name":"vRevBand1Label","expression":"=NUM(vRevBand1, '>= #,##0;(#,##0)') & IF(Len(vRevBand2)>0,  ' < ' &  NUM(vRevBand2, '#,##0;(#,##0)'))","description":"Label for Revenue Band 1","notes":"","group":"RevBands","locked":false,"createDate":1522179766,"modifyDate":1522180190,"createUser":"user","modifyUser":"user"},{"id":"318bc5d0-8909-49e1-af71-587b9d6fa","application":"SalesFlash","name":"vRevBand2Label","expression":"=NUM(vRevBand2, '>= #,##0;(#,##0)') & IF(Len(vRevBand3)>0,  ' < ' &  NUM(vRevBand3, '#,##0;(#,##0)'))","description":"Label for Revenue Band 2","notes":"","group":"RevBands","locked":false,"createDate":1522179796,"modifyDate":1522180182,"createUser":"user","modifyUser":"user"},{"id":"7d539dc7-29b3-4c90-9d1d-3b656b31b","application":"SalesFlash","name":"vRevBand3Label","expression":"=NUM(vRevBand3, '>= #,##0;(#,##0)') & IF(Len(vRevBand4)>0,  ' < ' &  NUM(vRevBand4, '#,##0;(#,##0)'))","description":"Label for Revenue Band 3","notes":"","group":"RevBands","locked":false,"createDate":1522179813,"modifyDate":1522180199,"createUser":"user","modifyUser":"user"},{"id":"831048a2-839a-41a6-9b7b-c4ff61905","application":"SalesFlash","name":"vRevBand4Label","expression":"=NUM(vRevBand4, '>= #,##0;(#,##0)') & IF(Len(vRevBand5)>0,  ' < ' &  NUM(vRevBand5, '#,##0;(#,##0)'))","description":"Label for Revenue Band 4","notes":"","group":"RevBands","locked":false,"createDate":1522179830,"modifyDate":1522180209,"createUser":"user","modifyUser":"user"},{"id":"3c077d1e-236e-4100-b078-ef939c6af","application":"SalesFlash","name":"vRevBand5Label","expression":"=NUM(vRevBand5, '>= #,##0;(#,##0)') & IF(Len(vRevBand6)>0,  ' < ' &  NUM(vRevBand6, '#,##0;(#,##0)'))","description":"Label for Revenue Band 5","notes":"","group":"RevBands","locked":false,"createDate":1522179853,"modifyDate":1522180217,"createUser":"user","modifyUser":"user"},{"id":"b5d1d579-c015-43b0-a976-99d4fdaa3","application":"SalesFlash","name":"vRevBand6Label","expression":"=NUM(vRevBand6, '>= #,##0;(#,##0)') & IF(Len(vRevBand7)>0,  ' < ' &  NUM(vRevBand7, '#,##0;(#,##0)'))","description":"Label for Revenue Band 6","notes":"","group":"RevBands","locked":false,"createDate":1522179870,"modifyDate":1522180224,"createUser":"user","modifyUser":"user"},{"id":"6b700246-8fa8-4778-a2e0-7e50a8b23","application":"SalesFlash","name":"vRevBand7Label","expression":"=NUM($(vRevBand7), '>= #,##0;(#,##0)') ","description":"Label for Revenue Band 7","notes":"","group":"RevBands","locked":false,"createDate":1522179890,"modifyDate":1522180231,"createUser":"user","modifyUser":"user"},{"id":"3fee414b-4403-419d-a95d-c2df079e04a3","application":"SalesFlash","name":"vRevBand0Label","expression":"='< ' & NUM($(vRevBand1), '#,##0;(#,##0)') ","description":"Label for Revenue Band 0","notes":"","group":"RevBands","locked":false,"createDate":1522180271,"modifyDate":"","createUser":"user","modifyUser":""},{"id":"8cc937e0-7fc9-4b40-b87d-a5e383fce643","application":"SalesFlash","name":"vBandList","expression":"=IF (len(vRevBand1)>0, chr(39) & 'vRevBand1' & chr(39))  &\nIF (len(vRevBand2)>0, ',' & chr(39) & 'vRevBand2' & chr(39)) &\nIF (len(vRevBand3)>0, ',' & chr(39) & 'vRevBand3' & chr(39)) &\nIF (len(vRevBand4)>0, ',' & chr(39) & 'vRevBand4' & chr(39)) &\nIF (len(vRevBand5)>0, ',' & chr(39) & 'vRevBand5' & chr(39)) &\nIF (len(vRevBand6)>0, ',' & chr(39) & 'vRevBand6' & chr(39)) &\nIF (len(vRevBand7)>0, ',' & chr(39) & 'vRevBand7' & chr(39))","description":"Dynamic List of Revenue Bands used","notes":"Used so user doesn't need to enter all bands.  This will create a list of used bands.","group":"RevBands","locked":false,"createDate":1522180380,"modifyDate":1522180488,"createUser":"user","modifyUser":"user"},{"id":"1d8623fa-2f97-47f0-8280-a8ee2917bef0","application":"SalesFlash","name":"vBandDim","expression":"=concat( 'IF(AGGR($(_NetRevenue_CY), AccountNumber_AdBase)<$' & chr(40) &\n    ValueList($(vBandList))\n    & chr(41) & ', dual(vRevBand' & (Right(ValueList($(vBandList)), 1)-1) & 'Label, ' & (Right(ValueList($(vBandList)), 1)-1) & chr(41), \n    ','\n    ) & ', dual(vRevBand' & (substringcount( vBandList , ',') + 1) & 'Label, ' & (substringcount( vBandList , ',') + 1) & ')' &\n    Repeat(chr(41), substringcount( vBandList , ',') +1)","description":"expression that builds the dimension for the revenue bands","notes":"","group":"RevBands","locked":false,"createDate":1522180417,"modifyDate":1522180927,"createUser":"user","modifyUser":"user"},{"id":"c94a9a6c-8cd6-4cfa-9fbc-29e0a4f19468","application":"SalesFlash","name":"vFiscalOrCalendarMonthPeriodNum","expression":"Capitalize('$(vSC_DateType)') & '_MonthOfYearNumber'","description":"Dynamci field that can be used in dimensions. This will select either Insert/Posting/Create MonthOfYearNumber or PeriodOfYearNumber","notes":"","group":"System-Variables","locked":true,"createDate":1534865383,"modifyDate":"","createUser":"user","modifyUser":""},{"id":"a5ba810b-eaf9-480c-9d36-3d2f54baa9e6","application":"SalesFlash","name":"vdynYTD_MonthPeriodFinalCalc","expression":"IF(vFiscalOrCalendarFlag, \n$(vdynYTD_getGreatestMonthPeriod)\n, Num(Month(Date#($(vdynYTD_getGreatestMonth), 'MMM')))\n)","description":"Final caclulation for the dynamic YTD expression.  It will return either the greatest ..._Month selected as a number or the greatest ..._PeriodOfYearNumber based on the vFiscalOrCalendarFlag setting.","notes":"","group":"Dynamic Date Selection","locked":true,"createDate":1534878835,"modifyDate":"","createUser":"user","modifyUser":""},{"id":"4c35dd3e-52bd-4cf3-b65e-52bee8c3171f","application":"SalesFlash","name":"vdynYTD_getGreatestMonthPeriod","expression":"Mid(GetFieldSelections($(=$(vFiscalOrCalendarMonthPeriod)), ';',13), \n\tIndex(GetFieldSelections($(=$(vFiscalOrCalendarMonthPeriod)),';',13),';', -1)+1)","description":"For use in the vdynYTD_MonthPeriodFinalCalc variable expression.  It will return either the greatest Month from ..._Month or Period from ..._PeriodOfYearNumber","notes":"","group":"Dynamic Date Selection","locked":true,"createDate":1534878940,"modifyDate":"","createUser":"user","modifyUser":""},{"id":"8a7e35a0-8b79-4b06-9b22-2473209c7ecb","application":"QVD_ALL","name":"vsetFirstDayOfWeek","expression":"1","description":"Sets whether the first day of the week is Sunday (1) or Monday(2)","notes":"","group":"Main","locked":false,"createDate":1548269925,"modifyDate":"","createUser":"user","modifyUser":""},{"id":"a791d0e6-3dd5-411a-945b-c4e3cbd7204f","application":"SalesFlash","name":"vLoadAgingData","expression":"0","description":"Option to load Aging Data","notes":"Will load data from the core database tables AgingCustomer, AgingDetail and AgingOptions","group":"System-Load Switches","locked":false,"createDate":1557500309,"modifyDate":"","createUser":"user","modifyUser":""},{"id":"43a0d958-3166-4f40-b41b-9117b2909173","application":"MediaLink","group":"Flagger","name":"Test","description":"test","expression":"333","notes":"dfdfd","locked":false,"createDate":1570475685,"createUser":"admin","modifyDate":"","modifyUser":""},{"id":"cfd8e43e-17e9-4a0d-b105-e165a7bab115","application":"SalesFlash","group":"Button Lists","name":"btnPleaseDeleteMe","description":"This is a test","expression":"SUM(${<insert_date={$(=today())}>} Amount}","notes":"Testing Notes","locked":true,"createDate":1572293879,"createUser":"admin","modifyDate":"","modifyUser":""}]